strategy,entry_time,exit_time,entry_price,exit_price,quantity,entry_fee,exit_fee,gross_profit,net_profit,return_rate,exit_reason
trend_breakout,2020-02-05 12:00:00+00:00,2020-02-10 12:00:00+00:00,197.66878499999999,218.47071000000003,1.4980820831734074,0.2961240652111564,0.3272870563491734,31.16299113801704,30.53958001645671,0.10302800254939153,signal
trend_breakout,2020-02-11 20:00:00+00:00,2020-02-16 00:00:00+00:00,238.23906,260.0797712508138,1.036348525120112,0.2468986984570019,0.269533287349357,22.63458889235512,22.11815690654876,0.08949444036680958,stop
trend_pullback,2020-02-26 04:00:00+00:00,2020-02-26 16:00:00+00:00,239.14951499999998,226.28680000000003,0.575207020821226,0.1375604800539911,0.1301617560791686,-7.3987239748224685,-7.666446210955628,-0.055675782903099054,signal
trend_breakout,2020-03-06 08:00:00+00:00,2020-03-08 00:00:00+00:00,235.65776999999997,231.01643457978452,1.0520071457792852,0.24791365799841122,0.24303093997038608,-4.8827180280251605,-5.3736626259939575,-0.021653886982284366,stop
trend_breakout,2020-04-16 12:00:00+00:00,2020-04-20 12:00:00+00:00,170.115015,173.09004057296752,1.144267432478414,0.19465707144007688,0.19806129631401403,3.4042248739371717,3.011506506183081,0.015455374859582436,stop
trend_breakout,2020-04-23 16:00:00+00:00,2020-04-30 08:00:00+00:00,189.32461499999997,210.1040275465983,1.105241034995694,0.20924933343276125,0.23221559286236612,22.966259429604857,22.524794503309728,0.10753817869785168,stop
trend_breakout,2020-05-07 20:00:00+00:00,2020-05-10 00:00:00+00:00,212.98644,199.5565215446127,1.0310048312368312,0.21959004862793347,0.20574373781731248,-13.846310810620968,-14.271644597066215,-0.06492729201045731,stop
trend_breakout,2020-05-13 16:00:00+00:00,2020-05-15 20:00:00+00:00,198.23906999999997,194.66262,1.178319858426318,0.2335890328969649,0.22937483083929613,-4.214202057668764,-4.677165921405025,-0.02000305138485703,signal
trend_breakout,2020-05-17 16:00:00+00:00,2020-05-20 16:00:00+00:00,208.88439,207.846025,1.3459264295334443,0.2811430212179715,0.27974545832096903,-1.3975628970024934,-1.958451376541434,-0.0069590732616581445,signal
trend_breakout,2020-05-28 00:00:00+00:00,2020-06-02 12:00:00+00:00,208.39414499999998,235.29466636573756,1.7057039017551923,0.35545870622943726,0.4013430304822248,45.88432425278749,45.127522516075835,0.12682890947929282,stop
trend_breakout,2020-06-09 00:00:00+00:00,2020-06-11 16:00:00+00:00,246.49318499999998,238.850515,1.4818016797146816,0.3652540155712217,0.3539290943277168,-11.324921243504978,-12.044104353403915,-0.032941656403984505,signal
trend_pullback,2020-06-11 20:00:00+00:00,2020-06-15 04:00:00+00:00,232.49618999999998,223.45370883184418,1.0487698124764608,0.24383498558779163,0.2343515043087429,-9.48348127904869,-9.961667768945224,-0.04081332311236061,stop
trend_breakout,2020-06-22 04:00:00+00:00,2020-06-24 12:00:00+00:00,234.45717,237.94097000000002,1.8941704094883323,0.4441018337063755,0.450700744578951,6.59891087257551,5.704108294290183,0.012831313567989826,signal
trend_breakout,2020-07-06 12:00:00+00:00,2020-07-10 04:00:00+00:00,235.807845,237.5731800264394,1.9427339882269565,0.45811191517205396,0.46154149152852536,3.4295763564713595,2.5099229497707802,0.0054733689546032195,stop
trend_breakout,2020-07-13 12:00:00+00:00,2020-07-13 16:00:00+00:00,244.74231,237.2223104239896,1.9327820563084575,0.4730335451874819,0.45849902494352185,-14.53452024396012,-15.466052814091125,-0.03266280450735383,stop
trend_breakout,2020-07-20 00:00:00+00:00,2020-08-02 04:00:00+00:00,239.23955999999998,374.17465154821343,2.573936752771006,0.6157874962007643,0.9631018875752312,347.314391374467,345.735501990691,0.5608917264637104,stop
trend_breakout,2020-08-14 00:00:00+00:00,2020-08-16 12:00:00+00:00,424.75227,417.63108,0.5739151881312416,0.24377177894622196,0.23968481984765364,-4.086959098568324,-4.5704156973622,-0.018730018163923515,signal
trend_pullback,2020-08-22 04:00:00+00:00,2020-08-24 08:00:00+00:00,385.58269499999994,398.28076000000004,0.48719090811065363,0.18785238332880316,0.19403876514740132,6.186381818598155,5.804490670121951,0.030868343937879125,signal
trend_breakout,2020-08-29 08:00:00+00:00,2020-09-02 08:00:00+00:00,403.52166,446.66418644666464,0.7938172347458612,0.32032244830125955,0.3545697293451011,34.24728104384151,33.57238886619515,0.10470340181914464,stop
trend_breakout,2020-10-12 16:00:00+00:00,2020-10-15 12:00:00+00:00,385.76278499999995,372.023895,0.9672164301183181,0.37311610378020027,0.359827623640612,-13.28848013958823,-14.021423867009043,-0.037541709694766064,signal
trend_breakout,2020-10-19 16:00:00+00:00,2020-10-20 08:00:00+00:00,383.73177,370.97610577187294,1.2725262246124043,0.48830874054193546,0.47207682329929346,-16.23191724264201,-17.192302806483237,-0.03517268124208285,stop
trend_breakout,2020-10-21 16:00:00+00:00,2020-10-26 12:00:00+00:00,392.09594999999996,397.0357352851791,1.0199024681982292,0.3998996271755294,0.40493772638025294,5.038099204723499,4.2332618511677165,0.010575235711567947,stop
trend_breakout,2020-11-02 00:00:00+00:00,2020-11-02 12:00:00+00:00,396.87834,380.57041465579715,1.0024660567924497,0.3978570645261332,0.3815089229118645,-16.348141614268663,-17.12750760170666,-0.043006392823215195,stop
trend_breakout,2020-11-05 16:00:00+00:00,2020-11-07 16:00:00+00:00,414.38709,427.51549191468143,0.7363884127455441,0.30514985146734497,0.3148174545151828,9.667603047837822,9.047635741855295,0.029620191854092495,stop
trend_breakout,2020-11-11 04:00:00+00:00,2020-11-15 16:00:00+00:00,463.35156,450.1436973587328,0.5463072612038234,0.25313232171811906,0.2459167704522121,-7.2155512659069725,-7.714600358077304,-0.03044610586393178,stop
trend_breakout,2020-11-17 16:00:00+00:00,2020-11-18 04:00:00+00:00,473.866815,462.6116513282275,0.7744840165085322,0.36700227417130554,0.35828532980433025,-8.716944366975278,-9.442231970950914,-0.02570229079119055,stop
trend_breakout,2020-11-20 12:00:00+00:00,2020-11-22 08:00:00+00:00,505.442595,513.323781499179,0.602296983737561,0.30442655042098565,0.30917336527771433,4.74681485672868,4.13321494102998,0.013563487972598879,stop
trend_breakout,2020-11-22 20:00:00+00:00,2020-11-25 20:00:00+00:00,573.316515,556.7466944608846,0.3805522105897611,0.2181768671508679,0.2118711853156319,-6.305681835236002,-6.735729887702502,-0.0308419539371359,stop
trend_pullback,2020-11-26 20:00:00+00:00,2020-11-28 16:00:00+00:00,500.41008,533.243245,0.19092474423563574,0.09554066653693401,0.10180933016700544,6.268663630071429,6.07131363336749,0.06348342129932504,signal
trend_breakout,2020-11-30 00:00:00+00:00,2020-12-01 12:00:00+00:00,576.60816,566.0483109344287,0.38752174369330106,0.2234481995909859,0.21935602846795768,-4.092171123028249,-4.534975351087193,-0.02027514616127511,stop
trend_pullback,2020-12-09 04:00:00+00:00,2020-12-12 08:00:00+00:00,552.3860549999999,558.6705250000001,0.3681713872157734,0.2033727401479985,0.20568650218581447,2.313762037815974,1.9047027954821611,0.009356219491864878,signal
trend_breakout,2020-12-13 08:00:00+00:00,2020-12-20 20:00:00+00:00,579.359535,621.6094412030196,0.5246757708487189,0.3039759106246804,0.3261434127300357,22.167502105355364,21.53738278200065,0.0707814868318669,stop
trend_breakout,2020-12-26 20:00:00+00:00,2021-01-04 08:00:00+00:00,645.3825299999999,901.4992862675963,0.3682216031376101,0.2376437898336067,0.33195151241686566,94.30772258325891,93.73812728100843,0.39405398669907665,stop
trend_breakout,2021-01-07 04:00:00+00:00,2021-01-08 00:00:00+00:00,1213.776585,1070.4707803296233,0.10931315430374158,0.13268174712637354,0.11701653758781878,-15.66520953855475,-15.914907823268942,-0.11982815390056162,stop
trend_breakout,2021-01-10 04:00:00+00:00,2021-01-11 00:00:00+00:00,1311.565455,1141.394009250174,0.09850428552288781,0.12919481806127628,0.11243220138129278,-16.762616679983477,-17.004243699426045,-0.13148558663495402,stop
trend_breakout,2021-01-14 16:00:00+00:00,2021-01-20 12:00:00+00:00,1213.596495,1247.4150141003008,0.0948685492534794,0.11513213885975747,0.1183404527047041,3.208313844946622,2.97484125338216,0.025812682830622977,stop
trend_breakout,2021-01-25 00:00:00+00:00,2021-01-26 12:00:00+00:00,1392.886095,1251.2530654375676,0.1099957577094203,0.15321156142244058,0.1376325290190401,-15.57903240340049,-15.86987649384197,-0.10347797727651442,stop
trend_breakout,2021-01-29 12:00:00+00:00,2021-01-31 16:00:00+00:00,1417.5384149999998,1310.354495,0.10438400405498191,0.1479683356594526,0.1367800489195438,-11.188286739908827,-11.473035124487824,-0.07745963688687806,signal
trend_breakout,2021-02-02 08:00:00+00:00,2021-02-07 04:00:00+00:00,1415.7075,1625.5967950000002,0.13922547294295418,0.1971025462363873,0.22632448259842555,29.221936362038253,28.79850933320344,0.14596330764345358,signal
trend_breakout,2021-02-12 20:00:00+00:00,2021-02-15 00:00:00+00:00,1841.2801799999997,1721.613203202236,0.12178380069949152,0.22423809847304385,0.20966459922039432,-14.573499252649531,-15.00740195034297,-0.06685933230300041,stop
trend_breakout,2021-02-18 00:00:00+00:00,2021-02-20 20:00:00+00:00,1850.62485,1876.6968542737168,0.13209072936991204,0.24445038622658405,0.2478942562872348,3.4438700606507235,2.951525418136905,0.012062066609142262,stop
trend_breakout,2021-03-08 00:00:00+00:00,2021-03-15 04:00:00+00:00,1727.32323,1772.4954625436071,0.1190621661804883,0.20565884545767782,0.21103714931552844,5.378303857850616,4.96160786307741,0.024101327617758923,stop
trend_breakout,2021-03-20 16:00:00+00:00,2021-03-21 08:00:00+00:00,1856.317695,1757.0722513140129,0.1688148568312927,0.3133740059148203,0.29661990054781223,-16.75410536700803,-17.364099273470664,-0.055354790740572216,stop
trend_breakout,2021-03-29 12:00:00+00:00,2021-04-04 00:00:00+00:00,1765.1821499999999,1981.1454214558808,0.1881160890792698,0.33205916257053697,0.372685328581582,40.626166011045015,39.921421519892895,0.12010371787720578,stop
trend_breakout,2021-04-10 04:00:00+00:00,2021-04-16 08:00:00+00:00,2145.4722,2326.332429859852,0.13312453510675656,0.28561498920947026,0.30969192322886413,24.07693401939388,23.481627106955546,0.08213213530195115,stop
trend_breakout,2021-04-21 16:00:00+00:00,2021-04-23 00:00:00+00:00,2444.011395,2296.533391662205,0.06847853618635039,0.1673623227523602,0.1572632449641023,-10.099077788257908,-10.423703355974371,-0.062220037907316936,stop
trend_breakout,2021-04-26 12:00:00+00:00,2021-05-10 20:00:00+00:00,2518.6386899999998,3742.4509681899526,0.06212516465884374,0.15647084333238448,0.23250038262644998,76.0295392940655,75.64056806810666,0.48293344277899775,stop
trend_breakout,2021-05-12 04:00:00+00:00,2021-05-12 20:00:00+00:00,4334.286059999999,3922.113910732985,0.04262407578240945,0.18474493748408086,0.16717648055832504,-17.568456925755804,-17.92037834379821,-0.09690374259631826,stop
trend_breakout,2021-07-26 04:00:00+00:00,2021-07-27 00:00:00+00:00,2318.1785099999997,2170.6129740027413,0.11531827709433685,0.2673283517703169,0.2503113484006107,-17.017003369706185,-17.534643069877113,-0.06552662980911034,stop
trend_breakout,2021-07-31 00:00:00+00:00,2021-08-03 04:00:00+00:00,2463.000885,2456.912431248673,0.10616873338012522,0.2614936842745775,0.26084728085155556,-0.6464034230218649,-1.168744388147998,-0.004465028723640855,stop
trend_breakout,2021-08-06 20:00:00+00:00,2021-08-12 16:00:00+00:00,2930.614575,3028.315085,0.07499302349940382,0.21977564769067032,0.22710250433300408,7.3268566423337464,6.879978490310072,0.0312732800796879,signal
trend_breakout,2021-08-14 00:00:00+00:00,2021-08-15 08:00:00+00:00,3323.991165,3159.9192500000004,0.07803295886470492,0.25938086584508757,0.24657784885103926,-12.803016994048326,-13.308975708744454,-0.05125929387812454,signal
trend_breakout,2021-08-23 04:00:00+00:00,2021-08-24 16:00:00+00:00,3341.89011,3151.2972524739844,0.08983444027563903,0.30021682749454376,0.2830950248181595,-17.121802676384213,-17.705114528696917,-0.058915508664872496,stop
trend_breakout,2021-08-30 20:00:00+00:00,2021-09-07 08:00:00+00:00,3342.840585,3765.214447850172,0.1048838633949735,0.3506100352683133,0.394910237801098,44.30020253278471,43.5546822597153,0.124101328290072,stop
trend_pullback,2021-09-07 16:00:00+00:00,2021-09-08 08:00:00+00:00,3455.6169449999998,3257.020675,0.03793594154090541,0.13109208241328213,0.1235581459243203,-7.53393648896185,-7.788586717299453,-0.0593537440869863,signal
trend_breakout,2021-09-15 16:00:00+00:00,2021-09-17 12:00:00+00:00,3499.819035,3447.3054850000003,0.07312891071491476,0.2559379537288741,0.25209769501960094,-3.8402587092731877,-4.348294358021663,-0.01697266991598979,signal
trend_breakout,2021-10-02 16:00:00+00:00,2021-10-04 12:00:00+00:00,3388.243275,3311.733305,0.07872685177545885,0.26674572609012026,0.26072233702258546,-6.023389067534773,-6.550857130647479,-0.02453389943207056,signal
trend_breakout,2021-10-05 20:00:00+00:00,2021-10-10 04:00:00+00:00,3492.28527,3528.7547400000003,0.08331305964322788,0.2909529709906762,0.29399135411994315,3.038383129266948,2.4534388041563284,0.008423999961212054,signal
trend_breakout,2021-10-14 04:00:00+00:00,2021-10-17 16:00:00+00:00,3644.8215,3786.315895,0.08335429705594173,0.30381153402688316,0.31560569985946385,11.79416583258077,11.174748598694423,0.03674509939011374,signal
trend_breakout,2021-10-20 16:00:00+00:00,2021-10-22 16:00:00+00:00,4083.0404999999996,3964.5467350000004,0.07765193133577342,0.3170559805471819,0.3078547108436847,-9.201269703497214,-9.82618039488808,-0.030960980499140665,signal
trend_breakout,2021-10-25 16:00:00+00:00,2021-10-27 08:00:00+00:00,4212.215055,3994.676709078841,0.07854570365964136,0.3308513954607099,0.3137646930073781,-17.086702453331863,-17.73131854179995,-0.05353945964833223,stop
trend_breakout,2021-10-29 04:00:00+00:00,2021-10-31 12:00:00+00:00,4382.02992,4205.606145000001,0.0640024259966639,0.2804605456699671,0.26916899606647754,-11.291549603489539,-11.841179145225984,-0.04217830271695607,signal
trend_breakout,2021-11-02 16:00:00+00:00,2021-11-06 08:00:00+00:00,4513.685715,4380.628642669858,0.06821670692657077,0.30790877557880403,0.2988320602711512,-9.076715307652801,-9.683456143502756,-0.03141768968083787,stop
trend_breakout,2021-11-08 04:00:00+00:00,2021-11-10 04:00:00+00:00,4722.870255,4689.13426,0.08561539970837738,0.4043504246526312,0.40146210395614634,-2.888320696484821,-3.6941332250935988,-0.009126842850435158,signal
trend_breakout,2021-11-10 16:00:00+00:00,2021-11-10 20:00:00+00:00,4849.363469999999,4651.6140535030945,0.08484483849974667,0.41144346043872104,0.394665443132622,-16.778017306099027,-17.584126209670373,-0.04269495408017709,stop
trend_pullback,2021-11-16 04:00:00+00:00,2021-11-16 08:00:00+00:00,4311.744795,4108.765181219942,0.047028444711180686,0.2027746517003786,0.19322883615622632,-9.545815544152251,-9.941819032008857,-0.04897992456936593,stop
trend_breakout,2021-11-21 00:00:00+00:00,2021-11-22 00:00:00+00:00,4414.376085,4257.5701500000005,0.06466902194506406,0.28547338391463095,0.2753328974629997,-10.14048645163125,-10.701292733008883,-0.03744868255064704,signal
trend_breakout,2021-11-25 12:00:00+00:00,2021-11-26 08:00:00+00:00,4389.563685,4208.650450399534,0.061829524270394204,0.27140463439814855,0.2602188551685835,-11.185779229565048,-11.71740271913178,-0.04313005578577373,stop
trend_breakout,2021-11-30 12:00:00+00:00,2021-12-03 16:00:00+00:00,4592.765235,4418.686545585222,0.05899543671798646,0.2709521907820107,0.2606823424766912,-10.269848305319538,-10.80148283857824,-0.039825078052656344,stop
trend_breakout,2022-02-07 08:00:00+00:00,2022-02-11 00:00:00+00:00,3081.0197399999997,3037.4929497743046,0.09722578724996976,0.29955456975419714,0.29532264330803965,-4.231926446157495,-4.826803659219731,-0.016097172817289753,stop
trend_breakout,2022-02-16 00:00:00+00:00,2022-02-17 12:00:00+00:00,3185.121765,2991.9844886351843,0.0868275055794709,0.2765561778218317,0.2597865498806619,-16.769627941169833,-17.305970668872327,-0.06251417749208078,stop
trend_breakout,2022-03-17 16:00:00+00:00,2022-03-20 16:00:00+00:00,2802.76068,2852.51303,0.1130746202599136,0.3169210995704172,0.32254682765370557,5.625728083288336,4.986260156064213,0.0157177255914456,signal
trend_breakout,2022-03-22 04:00:00+00:00,2022-03-31 16:00:00+00:00,3008.413455,3293.496431110929,0.10788239012532984,0.32455483401060137,0.35531026685749073,30.755432846889324,30.075567746021232,0.09257456391118185,stop
trend_pullback,2022-04-06 16:00:00+00:00,2022-04-09 20:00:00+00:00,3258.7885799999995,3231.733325,0.06711729365307186,0.218721070077137,0.2169051945824433,-1.815875494693694,-2.2515017593532742,-0.010283657198884303,signal
trend_breakout,2022-07-18 08:00:00+00:00,2022-07-25 16:00:00+00:00,1467.87357,1484.708255599672,0.13138497136945973,0.19285652696843664,0.19506835165396338,2.2118246855267563,1.8238998069043562,0.009447840619225642,stop
trend_breakout,2022-07-28 16:00:00+00:00,2022-08-01 20:00:00+00:00,1729.1841599999998,1621.46886,0.10447727072509795,0.18066044161787106,0.16940664105853595,-11.253800559335128,-11.603867642011535,-0.06416609669960074,signal
trend_breakout,2022-08-05 12:00:00+00:00,2022-08-09 12:00:00+00:00,1714.286715,1681.4213607894267,0.14540038231780517,0.24925794376333432,0.24447930869610685,-4.778635067227444,-5.272372319686885,-0.021131142843228416,stop
trend_breakout,2022-08-10 16:00:00+00:00,2022-08-14 20:00:00+00:00,1838.408745,1930.4542900000001,0.14687325192862669,0.2700130707521754,0.2835320992718682,13.51902851969277,12.965483349668725,0.04797001412845686,signal
trend_pullback,2022-08-19 08:00:00+00:00,2022-08-19 20:00:00+00:00,1745.502315,1654.070691777999,0.10419411355114218,0.18187106641289155,0.1723444294807331,-9.526636932158421,-9.880852428052046,-0.05427461135679445,stop
trend_breakout,2022-09-09 08:00:00+00:00,2022-09-12 16:00:00+00:00,1705.782465,1705.5268100000003,0.14980778541552253,0.25553949348228105,0.2555011943729007,-0.038299109380361365,-0.5493397972355432,-0.0021475780465510185,signal
trend_breakout,2022-10-25 16:00:00+00:00,2022-10-28 08:00:00+00:00,1408.994145,1492.93316,0.3087734012067117,0.4350599144319927,0.46097804958748395,25.91813515549124,25.02209719147176,0.05745668415352906,signal
trend_breakout,2022-10-29 12:00:00+00:00,2022-11-02 08:00:00+00:00,1616.217705,1536.7462716016373,0.1733140988194655,0.28011331503813974,0.26633979517681133,-13.773519861328404,-14.319972971543356,-0.05107100068517372,stop
trend_breakout,2022-11-04 16:00:00+00:00,2022-11-06 20:00:00+00:00,1625.782485,1567.1783730086813,0.1731881763629353,0.2815663037399512,0.27141676445680546,-10.149539283145701,-10.70252235134246,-0.03797269196919384,stop
trend_breakout,2023-01-06 20:00:00+00:00,2023-01-18 16:00:00+00:00,1273.7565599999998,1504.4504071944232,0.5129035068735229,0.6533142065271549,0.7716378897673192,118.32368324016437,116.8987311438699,0.17875311454722087,stop
trend_breakout,2023-01-21 00:00:00+00:00,2023-01-24 20:00:00+00:00,1659.3592649999998,1586.4786715860764,0.2237963801837921,0.3713585969314378,0.355048183939755,-16.310412991682778,-17.03681977255397,-0.04583117265418707,stop
trend_breakout,2023-01-29 20:00:00+00:00,2023-01-30 08:00:00+00:00,1654.6869299999998,1581.8895712163514,0.23516968405271324,0.389132202534254,0.3720124706692314,-17.119731865022604,-17.88087653822609,-0.0459047424201007,stop
trend_breakout,2023-02-02 04:00:00+00:00,2023-02-05 20:00:00+00:00,1671.965565,1618.67026,0.21855449928629803,0.36541559688250735,0.35376766818392186,-11.647928698585508,-12.367111963651936,-0.03381015291040775,signal
trend_breakout,2023-02-15 20:00:00+00:00,2023-02-21 20:00:00+00:00,1629.3542699999998,1647.7758502559109,0.24100217565905696,0.3926779239893745,0.397117564910127,4.4396409207524945,3.649845431852993,0.0092854703813679,stop
trend_breakout,2023-03-14 16:00:00+00:00,2023-03-14 20:00:00+00:00,1770.9150149999998,1659.281882542315,0.15424450102677065,0.27315390284949104,0.25593510603550007,-17.218796813990974,-17.747885822875965,-0.06490903290141949,stop
trend_breakout,2023-03-18 00:00:00+00:00,2023-03-21 00:00:00+00:00,1790.15463,1731.9036150000002,0.15166161433209743,0.27149774108987856,0.26266329811849537,-8.834442971383195,-9.36860401059157,-0.0344726432280974,signal
trend_breakout,2023-03-23 16:00:00+00:00,2023-03-24 16:00:00+00:00,1837.908495,1731.4299725789072,0.16004221464627888,0.29414294585700934,0.2771018873164742,-17.041058540535143,-17.612303373708624,-0.059816864258906394,stop
trend_breakout,2023-03-29 08:00:00+00:00,2023-04-02 16:00:00+00:00,1805.752425,1796.64123,0.20215478000891132,0.3650414842264331,0.36319961260558986,-1.8418716208432833,-2.5701127176753067,-0.007033570932201696,signal
trend_breakout,2023-04-04 12:00:00+00:00,2023-04-07 08:00:00+00:00,1865.8324499999999,1849.85461,0.2296440550862401,0.42847732992949433,0.42480811396037527,-3.6692159691190818,-4.522501413008951,-0.010544276473910073,signal
trend_breakout,2023-04-10 20:00:00+00:00,2023-04-12 00:00:00+00:00,1889.68437,1856.3432337318302,0.2989163899846785,0.5648576300908714,0.554891417999603,-9.966212091268536,-11.08596113935901,-0.019606509079684795,stop
trend_breakout,2023-04-13 12:00:00+00:00,2023-04-19 08:00:00+00:00,1986.382695,2031.7948217488654,0.22899117304879396,0.4548641034518747,0.4652630796267379,10.398976174863197,9.478848991784584,0.020818041125494718,stop
trend_pullback,2023-04-20 00:00:00+00:00,2023-04-21 16:00:00+00:00,1934.70687,1860.4773376563328,0.12600427916254975,0.24378134454518283,0.2344281058296459,-9.353238715536955,-9.831448165911784,-0.04028867162783269,stop
trend_breakout,2023-05-05 16:00:00+00:00,2023-05-06 12:00:00+00:00,1954.3166699999997,1910.5994866503875,0.2411370186251556,0.471258095253242,0.4607162639976272,-10.54183125561479,-11.47380561486566,-0.02432285702261411,stop
trend_breakout,2023-05-29 00:00:00+00:00,2023-05-31 04:00:00+00:00,1909.59432,1859.3319099371274,0.3224679490241134,0.6157829638384965,0.599574947552513,-16.208016285983454,-17.423374197374464,-0.028266401071969968,stop
trend_breakout,2023-06-21 20:00:00+00:00,2023-06-26 16:00:00+00:00,1883.2911749999998,1841.447378597406,0.24307034939684385,0.45777224392324256,0.44760125771157366,-10.170986211668886,-11.076359713303702,-0.024172051857168086,stop
trend_breakout,2023-06-30 20:00:00+00:00,2023-07-05 08:00:00+00:00,1927.2831599999997,1905.7820279563598,0.18859681223027042,0.3634794602410822,0.35942441527830954,-4.05504496277261,-4.7779488382920015,-0.01313189928108594,stop
trend_breakout,2023-07-10 20:00:00+00:00,2023-07-14 16:00:00+00:00,1900.9299899999999,1934.467950460211,0.35106701410894064,0.6673538156194384,0.6791278872575083,11.774071638069998,10.427589935193051,0.01560966989116769,stop
trend_breakout,2023-10-02 00:00:00+00:00,2023-10-02 16:00:00+00:00,1734.6669,1684.5859703841782,0.32353391949211413,0.5612235811702352,0.5450207017198196,-16.20287945041552,-17.309123733305576,-0.030810950361971807,stop
trend_breakout,2023-10-21 20:00:00+00:00,2023-10-27 16:00:00+00:00,1635.99759,1745.2876965963655,0.36640132843798484,0.5994316902973417,0.639475730539379,40.044040242037326,38.8051328212006,0.064671866840267,stop
trend_breakout,2023-10-30 12:00:00+00:00,2023-11-03 00:00:00+00:00,1815.837465,1776.5160036618745,0.2752441806123011,0.499798695179043,0.48897569177255235,-10.82300340649065,-11.811777793442246,-0.023609461027903466,stop
trend_breakout,2023-11-05 04:00:00+00:00,2023-11-12 00:00:00+00:00,1889.5342949999997,2014.5981597975515,0.2606026517247687,0.4924176478018913,0.5250096226030813,32.59197480118995,31.574547530784972,0.06405742090492468,stop
trend_breakout,2023-11-20 08:00:00+00:00,2023-11-21 12:00:00+00:00,2020.10955,1951.9598556860933,0.22863541075572663,0.4618685767358161,0.4462871433834788,-15.58143335233724,-16.489589072456535,-0.035666240974697186,stop
trend_breakout,2023-11-22 20:00:00+00:00,2023-11-26 16:00:00+00:00,2078.01849,2041.4393042411727,0.1743603370817288,0.36232400437846507,0.3559460452193808,-6.377959159084281,-7.096229208682126,-0.019565747736682,stop
trend_breakout,2023-12-01 04:00:00+00:00,2023-12-11 00:00:00+00:00,2093.2461,2289.418095310658,0.247846449930566,0.5188036147160026,0.5674241473295448,48.620532613542245,47.5343048514967,0.09153139393498234,stop
trend_pullback,2023-12-11 20:00:00+00:00,2023-12-13 20:00:00+00:00,2188.6938,2251.91348,0.10757679108619296,0.23545265567424578,0.24225362598214178,6.800970307895988,6.323264026239601,0.026828948100292755,signal
trend_breakout,2023-12-22 12:00:00+00:00,2023-12-25 00:00:00+00:00,2314.19652,2262.90798,0.1577977311772373,0.36517496035425806,0.3570817451068651,-8.093215247392985,-8.815471952854107,-0.02411629011754571,signal
trend_breakout,2023-12-27 16:00:00+00:00,2023-12-29 16:00:00+00:00,2343.13098,2294.8812199889735,0.1860664580702417,0.43597808224325435,0.42700042029526347,-8.97766194799087,-9.840640450529387,-0.022548862067344452,stop
trend_breakout,2024-01-02 04:00:00+00:00,2024-01-03 08:00:00+00:00,2387.61321,2302.5388774749063,0.19542115764357057,0.46659013750328154,0.4499648129554737,-16.625324547807885,-17.541879498266642,-0.0375583488260085,stop
trend_breakout,2024-01-08 20:00:00+00:00,2024-01-09 12:00:00+00:00,2355.747285,2253.879770111457,0.16392410410500827,0.3861637631914306,0.36946522207592264,-16.698541115507954,-17.454170100775308,-0.04515372758775426,stop
trend_breakout,2024-01-10 12:00:00+00:00,2024-01-12 20:00:00+00:00,2403.4111049999997,2468.5151692480968,0.13783135934629845,0.33126541967013917,0.3402388013444232,8.973381674283969,8.301877453269407,0.02503606889502208,stop
trend_breakout,2024-02-07 20:00:00+00:00,2024-02-28 16:00:00+00:00,2421.1799849999998,3174.7532530227736,0.22842672462262076,0.5530622136953961,0.7251984870730025,172.13627337760656,170.85801267683814,0.308622287194428,stop
trend_breakout,2024-02-29 12:00:00+00:00,2024-02-29 20:00:00+00:00,3515.63694,3310.080897106489,0.08598995807406531,0.3023094730742353,0.2846337175639515,-17.67575551028378,-18.262698700921966,-0.06035025651410922,stop
trend_breakout,2024-03-04 16:00:00+00:00,2024-03-05 16:00:00+00:00,3562.20021,3565.6282658812074,0.11101559403572807,0.39545977238734525,0.3958403400473852,0.380567660039917,-0.4107324523948135,-0.0010375824771947885,stop
trend_breakout,2024-03-06 12:00:00+00:00,2024-03-11 00:00:00+00:00,3881.6798699999995,3737.9953699425064,0.05560544812832761,0.21584254866205843,0.2078529076472668,-7.9896410147916175,-8.413336471100942,-0.038940105144518386,stop
trend_breakout,2024-03-11 08:00:00+00:00,2024-03-12 16:00:00+00:00,4003.4006999999997,3827.4973621596573,0.07997045364657783,0.32015377010802726,0.3060867003829878,-14.06706972503942,-14.693310195530435,-0.045848691892691314,stop
trend_breakout,2024-03-25 16:00:00+00:00,2024-03-27 16:00:00+00:00,3583.2807449999996,3512.5328550000004,0.08363329682598701,0.29968158215742885,0.29376470287324663,-5.91687928418221,-6.510325569212885,-0.02170244063930772,signal
trend_breakout,2024-03-31 08:00:00+00:00,2024-04-01 12:00:00+00:00,3627.19269,3487.6965525932246,0.11594680428648993,0.42056140093681693,0.40438726959419224,-16.174131342624676,-16.999080013155684,-0.04037959231972348,stop
trend_breakout,2024-04-08 12:00:00+00:00,2024-04-09 12:00:00+00:00,3634.886535,3510.0187237458154,0.1066577291368419,0.38768874349318383,0.37437062630252466,-13.318117190659136,-14.080176560454845,-0.036281967650815074,stop
trend_breakout,2024-05-20 20:00:00+00:00,2024-05-23 20:00:00+00:00,3440.57943,3652.341050932249,0.10863878830410219,0.37378038033921857,0.3967859062466107,23.005525907392148,22.23495962080632,0.05942726810265845,stop
trend_breakout,2024-05-27 04:00:00+00:00,2024-05-29 12:00:00+00:00,3921.549795,3752.0551988487523,0.0892562975098392,0.3500230152021689,0.3348945551017831,-15.128460100385801,-15.813377670689754,-0.04513297527442494,stop
trend_breakout,2024-06-05 20:00:00+00:00,2024-06-06 20:00:00+00:00,3878.468265,3759.051162600327,0.14086821914428596,0.5463529174981785,0.5295308429477658,-16.822074550412744,-17.897958310858687,-0.03272624280016894,stop
trend_breakout,2024-06-17 00:00:00+00:00,2024-06-17 08:00:00+00:00,3626.2222049999996,3550.90366,0.13519084654495767,0.49023204965407297,0.48004967179498853,-10.182377859084438,-11.1526595805335,-0.022727029108629112,signal
trend_breakout,2024-07-16 00:00:00+00:00,2024-07-16 08:00:00+00:00,3484.9415999999997,3347.3779141971863,0.12294457303321517,0.4284546570576897,0.41154194844178743,-16.912708615902247,-17.752705221401722,-0.04139287543970523,stop
trend_breakout,2024-07-19 20:00:00+00:00,2024-07-23 16:00:00+00:00,3524.74149,3388.5270294560473,0.11337604018431602,0.3996212328095659,0.38417777665724984,-15.443456152316093,-16.227255161782907,-0.04056602299055114,stop
trend_breakout,2024-09-22 00:00:00+00:00,2024-09-25 20:00:00+00:00,2613.7062,2569.4046550000003,0.16344341313346888,0.42719306225610904,0.4199522665342232,-7.240795721885931,-8.087941050676262,-0.01891383990838964,signal
trend_breakout,2024-09-27 16:00:00+00:00,2024-09-29 08:00:00+00:00,2684.971815,2639.109785,0.16159485427601836,0.43387762918014156,0.42646656112548914,-7.411068054652346,-8.271412244957977,-0.01904488394913613,signal
trend_breakout,2024-10-14 16:00:00+00:00,2024-10-15 12:00:00+00:00,2636.7877349999994,2539.0966914564724,0.1701325100144374,0.4486033157308331,0.4319828932868432,-16.620422443989952,-17.501008653007627,-0.03897324097882962,stop
trend_breakout,2024-10-20 16:00:00+00:00,2024-10-22 00:00:00+00:00,2707.93329,2647.1547852799663,0.20334838621078247,0.5506538644879548,0.5382946536368315,-12.359210851123269,-13.448159369248057,-0.024397766929496106,stop
trend_breakout,2024-10-29 16:00:00+00:00,2024-10-31 12:00:00+00:00,2649.834255,2558.5205692501413,0.16244872687657044,0.43046220115867556,0.4156284091622038,-14.833791996471811,-15.679882606792692,-0.03638930049198488,stop
trend_breakout,2024-11-07 00:00:00+00:00,2024-11-13 04:00:00+00:00,2723.24094,3124.5690326226268,0.1129679305092779,0.30763889326994065,0.3529760973487546,45.33720407881393,44.67658908819524,0.14507904594462784,stop
trend_breakout,2024-11-21 16:00:00+00:00,2024-11-26 16:00:00+00:00,3278.668515,3271.7981557635076,0.08582323926553737,0.28138595243522907,0.2807963159506354,-0.5896364845936714,-1.1518187529795358,-0.004089287595689441,stop
trend_breakout,2024-11-27 16:00:00+00:00,2024-12-02 12:00:00+00:00,3554.566395,3587.195505,0.07739725184655075,0.27511367047910096,0.2776390739232998,2.5254034441988313,1.9726506997964308,0.0071631482955564615,signal
trend_breakout,2024-12-04 16:00:00+00:00,2024-12-05 20:00:00+00:00,3822.9004949999994,3683.602063747766,0.08705165735510499,0.33278982399340123,0.32066366468592816,-12.126159307473081,-12.77961279615241,-0.03836308994368577,stop
trend_breakout,2024-12-06 16:00:00+00:00,2024-12-09 08:00:00+00:00,3995.006505,3875.7180300387754,0.06807265283026923,0.2719506908695322,0.2638304079268445,-8.120282942687695,-8.656064041484072,-0.03179773729277928,stop
trend_pullback,2024-12-10 04:00:00+00:00,2024-12-11 20:00:00+00:00,3684.231195,3802.008045,0.049692634568305936,0.18307915443828807,0.1889317964059443,5.852641967656193,5.4806310168119605,0.029905949029257528,signal
trend_breakout,2024-12-12 16:00:00+00:00,2024-12-18 04:00:00+00:00,3959.748885,3832.283776084484,0.077175915714964,0.30559724620118267,0.29576000969892013,-9.837236502262561,-10.438593758162664,-0.03412388600421144,stop
trend_pullback,2024-12-19 00:00:00+00:00,2024-12-19 16:00:00+00:00,3628.6134,3612.11304,0.05545013086173244,0.2012070878766359,0.20029214075537022,-0.9149471212656956,-1.3164463498977017,-0.0065362072109773585,signal
trend_breakout,2025-01-06 16:00:00+00:00,2025-01-07 12:00:00+00:00,3716.3072249999996,3592.4847089544983,0.13220320470512248,0.49130772481380064,0.4749379913779339,-16.36973343586672,-17.335979152058457,-0.03525012861975749,stop
trend_breakout,2025-05-01 12:00:00+00:00,2025-05-05 00:00:00+00:00,1846.5027899999998,1807.95557,0.1902888913859842,0.3513689688502267,0.3440338610904152,-7.335107759811581,-8.030510589752222,-0.022832090516992146,signal
trend_breakout,2025-05-08 04:00:00+00:00,2025-05-17 00:00:00+00:00,1902.0405449999998,2481.0819082767357,0.19289419418554196,0.3668925782360041,0.4785862954053677,111.69371716936364,110.84823829572227,0.30182540439315,stop
trend_breakout,2025-05-22 04:00:00+00:00,2025-05-23 12:00:00+00:00,2630.5546199999994,2507.8226609871745,0.08813581197368113,0.2318460673748182,0.2210289865121023,-10.817080862715882,-11.269955916602802,-0.04856108773750232,stop
trend_breakout,2025-05-27 08:00:00+00:00,2025-05-30 00:00:00+00:00,2608.9037999999996,2592.8839971522916,0.13170851451256674,0.34361484400419046,0.3415048995683347,-2.1099444358558044,-2.7950641794283295,-0.008126167877330575,stop
trend_breakout,2025-06-04 16:00:00+00:00,2025-06-05 16:00:00+00:00,2669.25396,2549.2995679300666,0.14134893694352627,0.3772962096782978,0.36034078387750573,-16.955425800792046,-17.69306279434785,-0.04684750854510798,stop
trend_breakout,2025-06-09 20:00:00+00:00,2025-06-12 16:00:00+00:00,2581.87029,2718.430105,0.17029985488841873,0.4396921357277196,0.4629482524058089,23.25611667808932,22.353476289955793,0.05078813863216238,signal
trend_breakout,2025-06-16 20:00:00+00:00,2025-06-16 20:00:00+00:00,2661.87027,2536.238402114219,0.13541518028160765,0.3604576424983016,0.34344518045943345,-17.012462038868154,-17.716364861825888,-0.049100543611621854,same_bar_stop
trend_breakout,2025-07-08 20:00:00+00:00,2025-07-22 08:00:00+00:00,2611.915305,3675.0715450000002,0.1745611062002541,0.45593882494217414,0.641524554260277,185.5857293181029,184.48826593890044,0.4042295849674536,signal
trend_breakout,2025-07-27 12:00:00+00:00,2025-07-30 16:00:00+00:00,3817.16763,3685.0204278815195,0.0945694691850581,0.3609875165594863,0.348490425800851,-12.497090758635279,-13.206568700995616,-0.03654800989079588,stop
trend_pullback,2025-08-01 20:00:00+00:00,2025-08-03 00:00:00+00:00,3520.17921,3355.851464347088,0.05744457499435498,0.20221519862241424,0.19277546111360228,-9.439737508811978,-9.834728168547993,-0.04858637398283911,stop
trend_breakout,2025-08-05 00:00:00+00:00,2025-08-05 20:00:00+00:00,3722.8504949999997,3544.718056220743,0.09969897946529226,0.3711643950533581,0.35340477269740256,-17.759622355955525,-18.484191523706286,-0.04975080057248964,stop
trend_breakout,2025-08-07 12:00:00+00:00,2025-08-14 12:00:00+00:00,3828.923505,4492.859118076874,0.09484243692971796,0.3631444360316771,0.42611370754031425,62.96927150863707,62.18001336506508,0.17105561673586245,stop
trend_breakout,2025-08-22 16:00:00+00:00,2025-08-25 08:00:00+00:00,4618.398045,4589.074315,0.06274476818565153,0.2897803147225912,0.2879404040814026,-1.8399106411886397,-2.417631359992633,-0.00833464531971707,signal
trend_breakout,2025-09-10 16:00:00+00:00,2025-09-14 16:00:00+00:00,4407.102449999999,4579.938885,0.12524523817712419,0.5519685960212375,0.5736155364884975,21.646940467260062,20.52135633475033,0.037141343958782526,signal
trend_breakout,2025-10-02 16:00:00+00:00,2025-10-07 12:00:00+00:00,4439.31855,4522.298968422118,0.10459903255513138,0.4643484255340486,0.47302809702202225,8.679671487973588,7.742294965417517,0.016656803339253193,stop
trend_breakout,2026-01-05 04:00:00+00:00,2026-01-07 12:00:00+00:00,3187.45293,3151.131927472617,0.19660824731305124,0.6266795339601499,0.6195385253125881,-7.14100864756166,-8.387226706834397,-0.013370227372876404,stop
trend_breakout,2026-01-12 04:00:00+00:00,2026-01-16 16:00:00+00:00,3154.1362799999997,3262.5379150000003,0.19112104598395133,0.6028218250095291,0.6235396588770998,20.717833867570626,19.491472383684,0.03230141905196099,signal
trend_breakout,2026-03-16 04:00:00+00:00,2026-03-18 12:00:00+00:00,2236.787835,2268.195335,0.17407084487597307,0.3893595482467487,0.39482667830719076,5.46713006044209,4.68294383388815,0.012015284046289973,signal
trend_breakout,2026-04-08 00:00:00+00:00,2026-04-12 08:00:00+00:00,2241.130005,2202.483938622188,0.1644304955397342,0.36851011729111705,0.3621555254459519,-6.354591845165101,-7.08525748790217,-0.019207557612324466,stop
trend_breakout,2026-04-14 00:00:00+00:00,2026-04-19 04:00:00+00:00,2370.64473,2330.33358150822,0.15908628932386945,0.37713707340088637,0.3707241223689456,-6.412951031940766,-7.160812227710598,-0.018968324976996662,stop
trend_breakout,2026-04-22 08:00:00+00:00,2026-04-23 16:00:00+00:00,2391.17499,2292.2571918205476,0.1750099502561929,0.4184794160537526,0.40116781711491445,-17.311598938838085,-18.13124617200675,-0.04328321141759861,stop
trend_breakout,2026-04-26 20:00:00+00:00,2026-04-27 04:00:00+00:00,2368.5837,2314.548163010003,0.28002520697542616,0.6632631408311207,0.6481318284014685,-15.131312429652242,-16.44270739888483,-0.02476585853569919,stop
trend_breakout,2026-05-04 04:00:00+00:00,2026-05-04 08:00:00+00:00,2386.302555,2316.473609140193,0.2504535794535563,0.5976580165589169,0.5801691071188595,-17.488909440057352,-18.666736563735128,-0.03120193816294531,stop
trend_breakout,2026-05-06 12:00:00+00:00,2026-05-07 00:00:00+00:00,2411.6752349999997,2330.4781221597455,0.21612242811395263,0.5212171076104872,0.5036685904276089,-17.54851718287835,-18.573402880916444,-0.03559907716373319,stop
trend_breakout,2026-05-10 16:00:00+00:00,2026-05-12 00:00:00+00:00,2348.73378,2295.550314597883,0.2970990235127568,0.6978065125294262,0.6820057568914326,-15.800755637993516,-17.180567907414375,-0.024596222870860197,stop
trend_breakout,2026-07-04 16:00:00+00:00,2026-07-08 12:00:00+00:00,1791.97554,1720.133307714145,0.24410847139343272,0.43743640984382115,0.4198991123390292,-17.537297504791944,-18.394633026974795,-0.0420089785776303,stop
trend_breakout,2026-07-11 16:00:00+00:00,2026-07-13 16:00:00+00:00,1815.7274099999997,1757.3241211472873,0.29531688622593183,0.5362149649562759,0.5189674875469391,-17.247477409336707,-18.30265986183992,-0.03409896530553659,stop
trend_breakout,2026-07-14 16:00:00+00:00,2026-07-17 00:00:00+00:00,1876.15761,1846.6515766508398,0.23254776869009333,0.4362962659164384,0.4294347036981957,-6.86156221824267,-7.727293187857304,-0.017693421230704626,stop
trend_breakout,2026-07-20 12:00:00+00:00,2026-07-23 16:00:00+00:00,1894.156605,1894.2823850000002,0.28684694322841053,0.5433330321401538,0.5433691117486732,0.0360796085193568,-1.0506225353694703,-0.0019317304495050907,signal
trend_breakout,2026-07-27 00:00:00+00:00,2026-07-27 20:00:00+00:00,1955.69736,1901.5503856161388,0.3132057687690659,0.6125356951184326,0.5955765503800164,-16.959144738416136,-18.167256983914584,-0.029629469793641085,stop
