date,BLNDX
2020-01-02 14:30:00+00:00,8.190250396728516
2020-01-03 14:30:00+00:00,8.190250396728516
2020-01-06 14:30:00+00:00,8.190250396728516
2020-01-07 14:30:00+00:00,8.190250396728516
2020-01-08 14:30:00+00:00,8.190250396728516
2020-01-09 14:30:00+00:00,8.190250396728516
2020-01-10 14:30:00+00:00,8.190250396728516
2020-01-13 14:30:00+00:00,8.190250396728516
2020-01-14 14:30:00+00:00,8.190250396728516
2020-01-15 14:30:00+00:00,8.190250396728516
2020-01-16 14:30:00+00:00,8.190250396728516
2020-01-17 14:30:00+00:00,8.190250396728516
2020-01-21 14:30:00+00:00,8.190250396728516
2020-01-22 14:30:00+00:00,8.190250396728516
2020-01-23 14:30:00+00:00,8.190250396728516
2020-01-24 14:30:00+00:00,8.182060241699219
2020-01-27 14:30:00+00:00,8.149298667907715
2020-01-28 14:30:00+00:00,8.190250396728516
2020-01-29 14:30:00+00:00,8.198441505432129
2020-01-30 14:30:00+00:00,8.223011016845703
2020-01-31 14:30:00+00:00,8.10015869140625
2020-02-03 14:30:00+00:00,8.157490730285645
2020-02-04 14:30:00+00:00,8.263964653015137
2020-02-05 14:30:00+00:00,8.329484939575195
2020-02-06 14:30:00+00:00,8.3622465133667
2020-02-07 14:30:00+00:00,8.337676048278809
2020-02-10 14:30:00+00:00,8.411388397216797
2020-02-11 14:30:00+00:00,8.411388397216797
2020-02-12 14:30:00+00:00,8.427767753601074
2020-02-13 14:30:00+00:00,8.403196334838867
2020-02-14 14:30:00+00:00,8.403196334838867
2020-02-18 14:30:00+00:00,8.378625869750977
2020-02-19 14:30:00+00:00,8.395007133483887
2020-02-20 14:30:00+00:00,8.378625869750977
2020-02-21 14:30:00+00:00,8.337676048278809
2020-02-24 14:30:00+00:00,8.173870086669922
2020-02-25 14:30:00+00:00,7.993685722351074
2020-02-26 14:30:00+00:00,7.985494613647461
2020-02-27 14:30:00+00:00,7.747976779937744
2020-02-28 14:30:00+00:00,7.772547721862793
2020-03-02 14:30:00+00:00,7.846259117126465
2020-03-03 14:30:00+00:00,7.821689605712891
2020-03-04 14:30:00+00:00,7.969113349914551
2020-03-05 14:30:00+00:00,7.936352252960205
2020-03-06 14:30:00+00:00,8.214820861816406
2020-03-09 13:30:00+00:00,8.37043571472168
2020-03-10 13:30:00+00:00,8.263964653015137
2020-03-11 13:30:00+00:00,8.12472915649414
2020-03-12 13:30:00+00:00,7.838069438934326
2020-03-13 13:30:00+00:00,7.977304458618164
2020-03-16 13:30:00+00:00,7.813498497009277
2020-03-17 13:30:00+00:00,7.8298797607421875
2020-03-18 13:30:00+00:00,7.641504287719727
2020-03-19 13:30:00+00:00,7.649693489074707
2020-03-20 13:30:00+00:00,7.6988348960876465
2020-03-23 13:30:00+00:00,7.71521520614624
2020-03-24 13:30:00+00:00,7.805309295654297
2020-03-25 13:30:00+00:00,7.821689605712891
2020-03-26 13:30:00+00:00,7.960923671722412
2020-03-27 13:30:00+00:00,7.887211322784424
2020-03-30 13:30:00+00:00,7.993685722351074
2020-03-31 13:30:00+00:00,7.960923671722412
2020-04-01 13:30:00+00:00,7.9199724197387695
2020-04-02 13:30:00+00:00,7.895402908325195
2020-04-03 13:30:00+00:00,7.797119140625
2020-04-06 13:30:00+00:00,7.9199724197387695
2020-04-07 13:30:00+00:00,7.911782264709473
2020-04-08 13:30:00+00:00,7.969113349914551
2020-04-09 13:30:00+00:00,8.034636497497559
2020-04-13 13:30:00+00:00,8.018255233764648
2020-04-14 13:30:00+00:00,8.141107559204102
2020-04-15 13:30:00+00:00,8.132919311523438
2020-04-16 13:30:00+00:00,8.12472915649414
2020-04-17 13:30:00+00:00,8.182060241699219
2020-04-20 13:30:00+00:00,8.206631660461426
2020-04-21 13:30:00+00:00,8.321294784545898
2020-04-22 13:30:00+00:00,8.337676048278809
2020-04-23 13:30:00+00:00,8.304913520812988
2020-04-24 13:30:00+00:00,8.37043571472168
2020-04-27 13:30:00+00:00,8.452337265014648
2020-04-28 13:30:00+00:00,8.452337265014648
2020-04-29 13:30:00+00:00,8.493289947509766
2020-04-30 13:30:00+00:00,8.378625869750977
2020-05-01 13:30:00+00:00,8.313105583190918
2020-05-04 13:30:00+00:00,8.313105583190918
2020-05-05 13:30:00+00:00,8.231202125549316
2020-05-06 13:30:00+00:00,8.24758243560791
2020-05-07 13:30:00+00:00,8.313105583190918
2020-05-08 13:30:00+00:00,8.329484939575195
2020-05-11 13:30:00+00:00,8.345865249633789
2020-05-12 13:30:00+00:00,8.288533210754395
2020-05-13 13:30:00+00:00,8.263964653015137
2020-05-14 13:30:00+00:00,8.255772590637207
2020-05-15 13:30:00+00:00,8.239392280578613
2020-05-18 13:30:00+00:00,8.272153854370117
2020-05-19 13:30:00+00:00,8.239392280578613
2020-05-20 13:30:00+00:00,8.288533210754395
2020-05-21 13:30:00+00:00,8.24758243560791
2020-05-22 13:30:00+00:00,8.263964653015137
2020-05-26 13:30:00+00:00,8.288533210754395
2020-05-27 13:30:00+00:00,8.378625869750977
2020-05-28 13:30:00+00:00,8.37043571472168
2020-05-29 13:30:00+00:00,8.345865249633789
2020-06-01 13:30:00+00:00,8.395007133483887
2020-06-02 13:30:00+00:00,8.38681697845459
2020-06-03 13:30:00+00:00,8.427767753601074
2020-06-04 13:30:00+00:00,8.403196334838867
2020-06-05 13:30:00+00:00,8.403196334838867
2020-06-08 13:30:00+00:00,8.476910591125488
2020-06-09 13:30:00+00:00,8.435957908630371
2020-06-10 13:30:00+00:00,8.419577598571777
2020-06-11 13:30:00+00:00,8.280343055725098
2020-06-12 13:30:00+00:00,8.329484939575195
2020-06-15 13:30:00+00:00,8.337676048278809
2020-06-16 13:30:00+00:00,8.378625869750977
2020-06-17 13:30:00+00:00,8.378625869750977
2020-06-18 13:30:00+00:00,8.35405445098877
2020-06-19 13:30:00+00:00,8.321294784545898
2020-06-22 13:30:00+00:00,8.337676048278809
2020-06-23 13:30:00+00:00,8.37043571472168
2020-06-24 13:30:00+00:00,8.329484939575195
2020-06-25 13:30:00+00:00,8.37043571472168
2020-06-26 13:30:00+00:00,8.313105583190918
2020-06-29 13:30:00+00:00,8.329484939575195
2020-06-30 13:30:00+00:00,8.35405445098877
2020-07-01 13:30:00+00:00,8.345865249633789
2020-07-02 13:30:00+00:00,8.3622465133667
2020-07-06 13:30:00+00:00,8.403196334838867
2020-07-07 13:30:00+00:00,8.37043571472168
2020-07-08 13:30:00+00:00,8.395007133483887
2020-07-09 13:30:00+00:00,8.38681697845459
2020-07-10 13:30:00+00:00,8.395007133483887
2020-07-13 13:30:00+00:00,8.378625869750977
2020-07-14 13:30:00+00:00,8.435957908630371
2020-07-15 13:30:00+00:00,8.460529327392578
2020-07-16 13:30:00+00:00,8.444149017333984
2020-07-17 13:30:00+00:00,8.468718528747559
2020-07-20 13:30:00+00:00,8.493289947509766
2020-07-21 13:30:00+00:00,8.501480102539062
2020-07-22 13:30:00+00:00,8.534241676330566
2020-07-23 13:30:00+00:00,8.509669303894043
2020-07-24 13:30:00+00:00,8.476910591125488
2020-07-27 13:30:00+00:00,8.52605152130127
2020-07-28 13:30:00+00:00,8.52605152130127
2020-07-29 13:30:00+00:00,8.567002296447754
2020-07-30 13:30:00+00:00,8.57519245147705
2020-07-31 13:30:00+00:00,8.55881118774414
2020-08-03 13:30:00+00:00,8.567002296447754
2020-08-04 13:30:00+00:00,8.607954025268555
2020-08-05 13:30:00+00:00,8.624334335327148
2020-08-06 13:30:00+00:00,8.665285110473633
2020-08-07 13:30:00+00:00,8.632524490356445
2020-08-10 13:30:00+00:00,8.640714645385742
2020-08-11 13:30:00+00:00,8.57519245147705
2020-08-12 13:30:00+00:00,8.624334335327148
2020-08-13 13:30:00+00:00,8.616144180297852
2020-08-14 13:30:00+00:00,8.607954025268555
2020-08-17 13:30:00+00:00,8.648905754089355
2020-08-18 13:30:00+00:00,8.665285110473633
2020-08-19 13:30:00+00:00,8.624334335327148
2020-08-20 13:30:00+00:00,8.632524490356445
2020-08-21 13:30:00+00:00,8.632524490356445
2020-08-24 13:30:00+00:00,8.673474311828613
2020-08-25 13:30:00+00:00,8.673474311828613
2020-08-26 13:30:00+00:00,8.730807304382324
2020-08-27 13:30:00+00:00,8.706236839294434
2020-08-28 13:30:00+00:00,8.779949188232422
2020-08-31 13:30:00+00:00,8.771758079528809
2020-09-01 13:30:00+00:00,8.812710762023926
2020-09-02 13:30:00+00:00,8.870041847229004
2020-09-03 13:30:00+00:00,8.71442699432373
2020-09-04 13:30:00+00:00,8.65709400177002
2020-09-08 13:30:00+00:00,8.55881118774414
2020-09-09 13:30:00+00:00,8.648905754089355
2020-09-10 13:30:00+00:00,8.583382606506348
2020-09-11 13:30:00+00:00,8.607954025268555
2020-09-14 13:30:00+00:00,8.689855575561523
2020-09-15 13:30:00+00:00,8.706236839294434
2020-09-16 13:30:00+00:00,8.681665420532227
2020-09-17 13:30:00+00:00,8.648905754089355
2020-09-18 13:30:00+00:00,8.599763870239258
2020-09-21 13:30:00+00:00,8.485099792480469
2020-09-22 13:30:00+00:00,8.517860412597656
2020-09-23 13:30:00+00:00,8.38681697845459
2020-09-24 13:30:00+00:00,8.38681697845459
2020-09-25 13:30:00+00:00,8.435957908630371
2020-09-28 13:30:00+00:00,8.534241676330566
2020-09-29 13:30:00+00:00,8.542431831359863
2020-09-30 13:30:00+00:00,8.550622940063477
2020-10-01 13:30:00+00:00,8.591572761535645
2020-10-02 13:30:00+00:00,8.55881118774414
2020-10-05 13:30:00+00:00,8.632524490356445
2020-10-06 13:30:00+00:00,8.55881118774414
2020-10-07 13:30:00+00:00,8.632524490356445
2020-10-08 13:30:00+00:00,8.673474311828613
2020-10-09 13:30:00+00:00,8.747187614440918
2020-10-12 13:30:00+00:00,8.812710762023926
2020-10-13 13:30:00+00:00,8.763568878173828
2020-10-14 13:30:00+00:00,8.747187614440918
2020-10-15 13:30:00+00:00,8.722615242004395
2020-10-16 13:30:00+00:00,8.71442699432373
2020-10-19 13:30:00+00:00,8.673474311828613
2020-10-20 13:30:00+00:00,8.698046684265137
2020-10-21 13:30:00+00:00,8.698046684265137
2020-10-22 13:30:00+00:00,8.689855575561523
2020-10-23 13:30:00+00:00,8.722615242004395
2020-10-26 13:30:00+00:00,8.632524490356445
2020-10-27 13:30:00+00:00,8.607954025268555
2020-10-28 13:30:00+00:00,8.419577598571777
2020-10-29 13:30:00+00:00,8.444149017333984
2020-10-30 13:30:00+00:00,8.395007133483887
2020-11-02 14:30:00+00:00,8.452337265014648
2020-11-03 14:30:00+00:00,8.57519245147705
2020-11-04 14:30:00+00:00,8.698046684265137
2020-11-05 14:30:00+00:00,8.85366153717041
2020-11-06 14:30:00+00:00,8.86185073852539
2020-11-09 14:30:00+00:00,8.86185073852539
2020-11-10 14:30:00+00:00,8.886422157287598
2020-11-11 14:30:00+00:00,8.927372932434082
2020-11-12 14:30:00+00:00,8.8782320022583
2020-11-13 14:30:00+00:00,8.968324661254883
2020-11-16 14:30:00+00:00,9.066607475280762
2020-11-17 14:30:00+00:00,9.058417320251465
2020-11-18 14:30:00+00:00,9.001086235046387
2020-11-19 14:30:00+00:00,9.025656700134276
2020-11-20 14:30:00+00:00,9.017465591430664
2020-11-23 14:30:00+00:00,9.033845901489258
2020-11-24 14:30:00+00:00,9.14031982421875
2020-11-25 14:30:00+00:00,9.13213062286377
2020-11-27 14:30:00+00:00,9.181270599365234
2020-11-30 14:30:00+00:00,9.09936809539795
2020-12-01 14:30:00+00:00,9.181270599365234
2020-12-02 14:30:00+00:00,9.205842971801758
2020-12-03 14:30:00+00:00,9.246792793273926
2020-12-04 14:30:00+00:00,9.30412483215332
2020-12-07 14:30:00+00:00,9.287744522094728
2020-12-08 14:30:00+00:00,9.295934677124023
2020-12-09 14:30:00+00:00,9.271363258361816
2020-12-10 14:30:00+00:00,9.295934677124023
2020-12-11 14:30:00+00:00,9.271363258361816
2020-12-14 14:30:00+00:00,9.271363258361816
2020-12-15 14:30:00+00:00,9.353266716003418
2020-12-16 14:30:00+00:00,9.369647026062012
2020-12-17 14:30:00+00:00,9.451549530029297
2020-12-18 14:30:00+00:00,9.435169219970703
2020-12-21 14:30:00+00:00,9.36801815032959
2020-12-22 14:30:00+00:00,9.326565742492676
2020-12-23 14:30:00+00:00,9.392888069152832
2020-12-24 14:30:00+00:00,9.41775894165039
2020-12-28 14:30:00+00:00,9.475790977478027
2020-12-29 14:30:00+00:00,9.508952140808104
2020-12-30 14:30:00+00:00,9.53382396697998
2020-12-31 14:30:00+00:00,9.525531768798828
2021-01-04 14:30:00+00:00,9.492369651794434
2021-01-05 14:30:00+00:00,9.5918550491333
2021-01-06 14:30:00+00:00,9.67475700378418
2021-01-07 14:30:00+00:00,9.741080284118652
2021-01-08 14:30:00+00:00,9.807402610778809
2021-01-11 14:30:00+00:00,9.724499702453612
2021-01-12 14:30:00+00:00,9.79082202911377
2021-01-13 14:30:00+00:00,9.782530784606934
2021-01-14 14:30:00+00:00,9.84056282043457
2021-01-15 14:30:00+00:00,9.707918167114258
2021-01-19 14:30:00+00:00,9.77424144744873
2021-01-20 14:30:00+00:00,9.83227252960205
2021-01-21 14:30:00+00:00,9.857144355773926
2021-01-22 14:30:00+00:00,9.782530784606934
2021-01-25 14:30:00+00:00,9.79082202911377
2021-01-26 14:30:00+00:00,9.799111366271973
2021-01-27 14:30:00+00:00,9.625015258789062
2021-01-28 14:30:00+00:00,9.67475700378418
2021-01-29 14:30:00+00:00,9.550403594970703
2021-02-01 14:30:00+00:00,9.649887084960938
2021-02-02 14:30:00+00:00,9.749371528625488
2021-02-03 14:30:00+00:00,9.807402610778809
2021-02-04 14:30:00+00:00,9.848852157592772
2021-02-05 14:30:00+00:00,9.931756973266602
2021-02-08 14:30:00+00:00,10.02294921875
2021-02-09 14:30:00+00:00,10.056110382080078
2021-02-10 14:30:00+00:00,10.03952980041504
2021-02-11 14:30:00+00:00,10.064400672912598
2021-02-12 14:30:00+00:00,10.130722999572754
2021-02-16 14:30:00+00:00,10.213624954223633
2021-02-17 14:30:00+00:00,10.18875503540039
2021-02-18 14:30:00+00:00,10.155593872070312
2021-02-19 14:30:00+00:00,10.197046279907228
2021-02-22 14:30:00+00:00,10.221916198730469
2021-02-23 14:30:00+00:00,10.238496780395508
2021-02-24 14:30:00+00:00,10.35456085205078
2021-02-25 14:30:00+00:00,10.246787071228027
2021-02-26 14:30:00+00:00,10.080982208251951
2021-03-01 14:30:00+00:00,10.197046279907228
2021-03-02 14:30:00+00:00,10.163884162902832
2021-03-03 14:30:00+00:00,10.122432708740234
2021-03-04 14:30:00+00:00,10.089271545410156
2021-03-05 14:30:00+00:00,10.221916198730469
2021-03-08 14:30:00+00:00,10.197046279907228
2021-03-09 14:30:00+00:00,10.255077362060549
2021-03-10 14:30:00+00:00,10.279947280883787
2021-03-11 14:30:00+00:00,10.396011352539062
2021-03-12 14:30:00+00:00,10.46233367919922
2021-03-15 13:30:00+00:00,10.478915214538574
2021-03-16 13:30:00+00:00,10.46233367919922
2021-03-17 13:30:00+00:00,10.503785133361816
2021-03-18 13:30:00+00:00,10.3628511428833
2021-03-19 13:30:00+00:00,10.37943172454834
2021-03-22 13:30:00+00:00,10.37943172454834
2021-03-23 13:30:00+00:00,10.221916198730469
2021-03-24 13:30:00+00:00,10.213624954223633
2021-03-25 13:30:00+00:00,10.18875503540039
2021-03-26 13:30:00+00:00,10.3628511428833
2021-03-29 13:30:00+00:00,10.37114143371582
2021-03-30 13:30:00+00:00,10.346268653869627
2021-03-31 13:30:00+00:00,10.37114143371582
2021-04-01 13:30:00+00:00,10.445754051208496
2021-04-05 13:30:00+00:00,10.503785133361816
2021-04-06 13:30:00+00:00,10.478915214538574
2021-04-07 13:30:00+00:00,10.478915214538574
2021-04-08 13:30:00+00:00,10.51207447052002
2021-04-09 13:30:00+00:00,10.55352783203125
2021-04-12 13:30:00+00:00,10.54523754119873
2021-04-13 13:30:00+00:00,10.561817169189451
2021-04-14 13:30:00+00:00,10.636429786682127
2021-04-15 13:30:00+00:00,10.653010368347168
2021-04-16 13:30:00+00:00,10.694461822509766
2021-04-19 13:30:00+00:00,10.686172485351562
2021-04-20 13:30:00+00:00,10.578399658203123
2021-04-21 13:30:00+00:00,10.636429786682127
2021-04-22 13:30:00+00:00,10.61155891418457
2021-04-23 13:30:00+00:00,10.702752113342283
2021-04-26 13:30:00+00:00,10.7442045211792
2021-04-27 13:30:00+00:00,10.76907444000244
2021-04-28 13:30:00+00:00,10.7939453125
2021-04-29 13:30:00+00:00,10.843687057495115
2021-04-30 13:30:00+00:00,10.760784149169922
2021-05-03 13:30:00+00:00,10.802234649658203
2021-05-04 13:30:00+00:00,10.76907444000244
2021-05-05 13:30:00+00:00,10.810526847839355
2021-05-06 13:30:00+00:00,10.843687057495115
2021-05-07 13:30:00+00:00,10.943169593811035
2021-05-10 13:30:00+00:00,10.893428802490234
2021-05-11 13:30:00+00:00,10.860268592834473
2021-05-12 13:30:00+00:00,10.77736473083496
2021-05-13 13:30:00+00:00,10.735913276672363
2021-05-14 13:30:00+00:00,10.860268592834473
2021-05-17 13:30:00+00:00,10.868557929992676
2021-05-18 13:30:00+00:00,10.83539581298828
2021-05-19 13:30:00+00:00,10.735913276672363
2021-05-20 13:30:00+00:00,10.77736473083496
2021-05-21 13:30:00+00:00,10.78565502166748
2021-05-24 13:30:00+00:00,10.868557929992676
2021-05-25 13:30:00+00:00,10.81881618499756
2021-05-26 13:30:00+00:00,10.83539581298828
2021-05-27 13:30:00+00:00,10.901719093322754
2021-05-28 13:30:00+00:00,10.901719093322754
2021-06-01 13:30:00+00:00,10.959750175476074
2021-06-02 13:30:00+00:00,10.984621047973633
2021-06-03 13:30:00+00:00,10.943169593811035
2021-06-04 13:30:00+00:00,11.001203536987305
2021-06-07 13:30:00+00:00,11.009491920471191
2021-06-08 13:30:00+00:00,11.009491920471191
2021-06-09 13:30:00+00:00,10.959750175476074
2021-06-10 13:30:00+00:00,10.992912292480469
2021-06-11 13:30:00+00:00,10.992912292480469
2021-06-14 13:30:00+00:00,11.009491920471191
2021-06-15 13:30:00+00:00,11.001203536987305
2021-06-16 13:30:00+00:00,10.97633171081543
2021-06-17 13:30:00+00:00,10.83539581298828
2021-06-18 13:30:00+00:00,10.727622032165527
2021-06-21 13:30:00+00:00,10.868557929992676
2021-06-22 13:30:00+00:00,10.910009384155272
2021-06-23 13:30:00+00:00,10.91830062866211
2021-06-24 13:30:00+00:00,10.96804141998291
2021-06-25 13:30:00+00:00,11.017783164978027
2021-06-28 13:30:00+00:00,10.97633171081543
2021-06-29 13:30:00+00:00,10.984621047973633
2021-06-30 13:30:00+00:00,10.97633171081543
2021-07-01 13:30:00+00:00,11.04265308380127
2021-07-02 13:30:00+00:00,11.067524909973145
2021-07-06 13:30:00+00:00,10.91830062866211
2021-07-07 13:30:00+00:00,10.893428802490234
2021-07-08 13:30:00+00:00,10.810526847839355
2021-07-09 13:30:00+00:00,10.984621047973633
2021-07-12 13:30:00+00:00,11.009491920471191
2021-07-13 13:30:00+00:00,11.017783164978027
2021-07-14 13:30:00+00:00,10.992912292480469
2021-07-15 13:30:00+00:00,10.910009384155272
2021-07-16 13:30:00+00:00,10.860268592834473
2021-07-19 13:30:00+00:00,10.561817169189451
2021-07-20 13:30:00+00:00,10.702752113342283
2021-07-21 13:30:00+00:00,10.876848220825195
2021-07-22 13:30:00+00:00,10.934880256652832
2021-07-23 13:30:00+00:00,11.017783164978027
2021-07-26 13:30:00+00:00,11.075815200805664
2021-07-27 13:30:00+00:00,11.009491920471191
2021-07-28 13:30:00+00:00,11.04265308380127
2021-07-29 13:30:00+00:00,11.14213752746582
2021-07-30 13:30:00+00:00,11.067524909973145
2021-08-02 13:30:00+00:00,11.009491920471191
2021-08-03 13:30:00+00:00,11.04265308380127
2021-08-04 13:30:00+00:00,10.96804141998291
2021-08-05 13:30:00+00:00,11.059233665466309
2021-08-06 13:30:00+00:00,11.04265308380127
2021-08-09 13:30:00+00:00,10.96804141998291
2021-08-10 13:30:00+00:00,11.050944328308104
2021-08-11 13:30:00+00:00,11.108975410461426
2021-08-12 13:30:00+00:00,11.117265701293944
2021-08-13 13:30:00+00:00,11.10068702697754
2021-08-16 13:30:00+00:00,11.067524909973145
2021-08-17 13:30:00+00:00,10.97633171081543
2021-08-18 13:30:00+00:00,10.893428802490234
2021-08-19 13:30:00+00:00,10.76907444000244
2021-08-20 13:30:00+00:00,10.77736473083496
2021-08-23 13:30:00+00:00,10.959750175476074
2021-08-24 13:30:00+00:00,11.050944328308104
2021-08-25 13:30:00+00:00,11.084105491638184
2021-08-26 13:30:00+00:00,11.04265308380127
2021-08-27 13:30:00+00:00,11.16700839996338
2021-08-30 13:30:00+00:00,11.20016860961914
2021-08-31 13:30:00+00:00,11.175297737121582
2021-09-01 13:30:00+00:00,11.20016860961914
2021-09-02 13:30:00+00:00,11.274782180786133
2021-09-03 13:30:00+00:00,11.258201599121094
2021-09-07 13:30:00+00:00,11.216750144958496
2021-09-08 13:30:00+00:00,11.23332977294922
2021-09-09 13:30:00+00:00,11.191880226135254
2021-09-10 13:30:00+00:00,11.158717155456545
2021-09-13 13:30:00+00:00,11.2250394821167
2021-09-14 13:30:00+00:00,11.183588981628418
2021-09-15 13:30:00+00:00,11.299653053283691
2021-09-16 13:30:00+00:00,11.283071517944336
2021-09-17 13:30:00+00:00,11.175297737121582
2021-09-20 13:30:00+00:00,10.97633171081543
2021-09-21 13:30:00+00:00,10.97633171081543
2021-09-22 13:30:00+00:00,11.117265701293944
2021-09-23 13:30:00+00:00,11.258201599121094
2021-09-24 13:30:00+00:00,11.299653053283691
2021-09-27 13:30:00+00:00,11.374265670776367
2021-09-28 13:30:00+00:00,11.191880226135254
2021-09-29 13:30:00+00:00,11.183588981628418
2021-09-30 13:30:00+00:00,11.150426864624023
2021-10-01 13:30:00+00:00,11.208460807800291
2021-10-04 13:30:00+00:00,11.183588981628418
2021-10-05 13:30:00+00:00,11.341103553771973
2021-10-06 13:30:00+00:00,11.23332977294922
2021-10-07 13:30:00+00:00,11.341103553771973
2021-10-08 13:30:00+00:00,11.349393844604492
2021-10-11 13:30:00+00:00,11.349393844604492
2021-10-12 13:30:00+00:00,11.341103553771973
2021-10-13 13:30:00+00:00,11.374265670776367
2021-10-14 13:30:00+00:00,11.531780242919922
2021-10-15 13:30:00+00:00,11.60639190673828
2021-10-18 13:30:00+00:00,11.573232650756836
2021-10-19 13:30:00+00:00,11.614684104919434
2021-10-20 13:30:00+00:00,11.681005477905272
2021-10-21 13:30:00+00:00,11.647845268249512
2021-10-22 13:30:00+00:00,11.672714233398438
2021-10-25 13:30:00+00:00,11.755619049072266
2021-10-26 13:30:00+00:00,11.788778305053713
2021-10-27 13:30:00+00:00,11.664424896240234
2021-10-28 13:30:00+00:00,11.697586059570312
2021-10-29 13:30:00+00:00,11.705875396728516
2021-11-01 13:30:00+00:00,11.763908386230469
2021-11-02 13:30:00+00:00,11.797069549560549
2021-11-03 13:30:00+00:00,11.763908386230469
2021-11-04 13:30:00+00:00,11.722456932067873
2021-11-05 13:30:00+00:00,11.772197723388672
2021-11-08 14:30:00+00:00,11.797069549560549
2021-11-09 14:30:00+00:00,11.780488967895508
2021-11-10 14:30:00+00:00,11.697586059570312
2021-11-11 14:30:00+00:00,11.74732780456543
2021-11-12 14:30:00+00:00,11.755619049072266
2021-11-15 14:30:00+00:00,11.755619049072266
2021-11-16 14:30:00+00:00,11.805359840393066
2021-11-17 14:30:00+00:00,11.714166641235352
2021-11-18 14:30:00+00:00,11.755619049072266
2021-11-19 14:30:00+00:00,11.664424896240234
2021-11-22 14:30:00+00:00,11.697586059570312
2021-11-23 14:30:00+00:00,11.772197723388672
2021-11-24 14:30:00+00:00,11.805359840393066
2021-11-26 14:30:00+00:00,11.216750144958496
2021-11-29 14:30:00+00:00,11.349393844604492
2021-11-30 14:30:00+00:00,11.084105491638184
2021-12-01 14:30:00+00:00,11.04265308380127
2021-12-02 14:30:00+00:00,11.20016860961914
2021-12-03 14:30:00+00:00,11.125555038452148
2021-12-06 14:30:00+00:00,11.283071517944336
2021-12-07 14:30:00+00:00,11.490328788757324
2021-12-08 14:30:00+00:00,11.465457916259766
2021-12-09 14:30:00+00:00,11.365974426269531
2021-12-10 14:30:00+00:00,11.407427787780762
2021-12-13 14:30:00+00:00,11.365974426269531
2021-12-14 14:30:00+00:00,11.299653053283691
2021-12-15 14:30:00+00:00,11.39913558959961
2021-12-16 14:30:00+00:00,11.341103553771973
2021-12-17 14:30:00+00:00,11.241621971130373
2021-12-20 14:30:00+00:00,11.133848190307615
2021-12-21 14:30:00+00:00,11.287161827087402
2021-12-22 14:30:00+00:00,11.366462707519531
2021-12-23 14:30:00+00:00,11.384085655212402
2021-12-27 14:30:00+00:00,11.516252517700195
2021-12-28 14:30:00+00:00,11.507442474365234
2021-12-29 14:30:00+00:00,11.48982048034668
2021-12-30 14:30:00+00:00,11.48100757598877
2021-12-31 14:30:00+00:00,11.445764541625977
2022-01-03 14:30:00+00:00,11.516252517700195
2022-01-04 14:30:00+00:00,11.54268741607666
2022-01-05 14:30:00+00:00,11.40170669555664
2022-01-06 14:30:00+00:00,11.375273704528809
2022-01-07 14:30:00+00:00,11.3400297164917
2022-01-10 14:30:00+00:00,11.278350830078123
2022-01-11 14:30:00+00:00,11.357651710510254
2022-01-12 14:30:00+00:00,11.3400297164917
2022-01-13 14:30:00+00:00,11.20786190032959
2022-01-14 14:30:00+00:00,11.278350830078123
2022-01-18 14:30:00+00:00,11.225483894348145
2022-01-19 14:30:00+00:00,11.172615051269531
2022-01-20 14:30:00+00:00,11.11974811553955
2022-01-21 14:30:00+00:00,10.917092323303224
2022-01-24 14:30:00+00:00,10.811356544494627
2022-01-25 14:30:00+00:00,10.846601486206056
2022-01-26 14:30:00+00:00,10.96114730834961
2022-01-27 14:30:00+00:00,10.917092323303224
2022-01-28 14:30:00+00:00,11.005203247070312
2022-01-31 14:30:00+00:00,11.11974811553955
2022-02-01 14:30:00+00:00,11.199049949645996
2022-02-02 14:30:00+00:00,11.225483894348145
2022-02-03 14:30:00+00:00,11.234294891357422
2022-02-04 14:30:00+00:00,11.419330596923828
2022-02-07 14:30:00+00:00,11.410518646240234
2022-02-08 14:30:00+00:00,11.410518646240234
2022-02-09 14:30:00+00:00,11.48982048034668
2022-02-10 14:30:00+00:00,11.48100757598877
2022-02-11 14:30:00+00:00,11.454575538635254
2022-02-14 14:30:00+00:00,11.516252517700195
2022-02-15 14:30:00+00:00,11.525064468383787
2022-02-16 14:30:00+00:00,11.560309410095217
2022-02-17 14:30:00+00:00,11.3400297164917
2022-02-18 14:30:00+00:00,11.29597282409668
2022-02-22 14:30:00+00:00,11.366462707519531
2022-02-23 14:30:00+00:00,11.331218719482422
2022-02-24 14:30:00+00:00,11.366462707519531
2022-02-25 14:30:00+00:00,11.410518646240234
2022-02-28 14:30:00+00:00,11.39289665222168
2022-03-01 14:30:00+00:00,11.384085655212402
2022-03-02 14:30:00+00:00,11.78058910369873
2022-03-03 14:30:00+00:00,11.74534511566162
2022-03-04 14:30:00+00:00,11.851078987121582
2022-03-07 14:30:00+00:00,11.930380821228027
2022-03-08 14:30:00+00:00,12.097792625427246
2022-03-09 14:30:00+00:00,11.815834999084473
2022-03-10 14:30:00+00:00,11.754155158996582
2022-03-11 14:30:00+00:00,11.798213958740234
2022-03-14 13:30:00+00:00,11.666044235229492
2022-03-15 13:30:00+00:00,11.64842128753662
2022-03-16 13:30:00+00:00,11.692479133605955
2022-03-17 13:30:00+00:00,11.90394687652588
2022-03-18 13:30:00+00:00,11.930380821228027
2022-03-21 13:30:00+00:00,12.10660457611084
2022-03-22 13:30:00+00:00,12.177094459533691
2022-03-23 13:30:00+00:00,12.141850471496582
2022-03-24 13:30:00+00:00,12.203527450561523
2022-03-25 13:30:00+00:00,12.344508171081545
2022-03-28 13:30:00+00:00,12.265207290649414
2022-03-29 13:30:00+00:00,12.291640281677246
2022-03-30 13:30:00+00:00,12.282828330993652
2022-03-31 13:30:00+00:00,12.10660457611084
2022-04-01 13:30:00+00:00,12.177094459533691
2022-04-04 13:30:00+00:00,12.274019241333008
2022-04-05 13:30:00+00:00,12.318073272705078
2022-04-06 13:30:00+00:00,12.238773345947266
2022-04-07 13:30:00+00:00,12.291640281677246
2022-04-08 13:30:00+00:00,12.36212921142578
2022-04-11 13:30:00+00:00,12.309263229370115
2022-04-12 13:30:00+00:00,12.326885223388672
2022-04-13 13:30:00+00:00,12.397375106811523
2022-04-14 13:30:00+00:00,12.476675033569336
2022-04-18 13:30:00+00:00,12.529542922973633
2022-04-19 13:30:00+00:00,12.56478786468506
2022-04-20 13:30:00+00:00,12.511919975280762
2022-04-21 13:30:00+00:00,12.520731925964355
2022-04-22 13:30:00+00:00,12.353318214416504
2022-04-25 13:30:00+00:00,12.265207290649414
2022-04-26 13:30:00+00:00,12.124227523803713
2022-04-27 13:30:00+00:00,12.2123384475708
2022-04-28 13:30:00+00:00,12.379753112792969
2022-04-29 13:30:00+00:00,12.25639533996582
2022-05-02 13:30:00+00:00,12.344508171081545
2022-05-03 13:30:00+00:00,12.344508171081545
2022-05-04 13:30:00+00:00,12.494298934936523
2022-05-05 13:30:00+00:00,12.46786403656006
2022-05-06 13:30:00+00:00,12.450242042541504
2022-05-09 13:30:00+00:00,12.159472465515137
2022-05-10 13:30:00+00:00,12.097792625427246
2022-05-11 13:30:00+00:00,12.088982582092283
2022-05-12 13:30:00+00:00,12.027303695678713
2022-05-13 13:30:00+00:00,12.229961395263672
2022-05-16 13:30:00+00:00,12.229961395263672
2022-05-17 13:30:00+00:00,12.36212921142578
2022-05-18 13:30:00+00:00,12.141850471496582
2022-05-19 13:30:00+00:00,12.133037567138672
2022-05-20 13:30:00+00:00,12.115415573120115
2022-05-23 13:30:00+00:00,12.247583389282228
2022-05-24 13:30:00+00:00,12.15066146850586
2022-05-25 13:30:00+00:00,12.177094459533691
2022-05-26 13:30:00+00:00,12.291640281677246
2022-05-27 13:30:00+00:00,12.37094020843506
2022-05-31 13:30:00+00:00,12.388564109802246
2022-06-01 13:30:00+00:00,12.450242042541504
2022-06-02 13:30:00+00:00,12.547164916992188
2022-06-03 13:30:00+00:00,12.53835391998291
2022-06-06 13:30:00+00:00,12.644088745117188
2022-06-07 13:30:00+00:00,12.63527774810791
2022-06-08 13:30:00+00:00,12.644088745117188
2022-06-09 13:30:00+00:00,12.608843803405762
2022-06-10 13:30:00+00:00,12.555975914001465
2022-06-13 13:30:00+00:00,12.520731925964355
2022-06-14 13:30:00+00:00,12.511919975280762
2022-06-15 13:30:00+00:00,12.5031099319458
2022-06-16 13:30:00+00:00,12.36212921142578
2022-06-17 13:30:00+00:00,12.265207290649414
2022-06-21 13:30:00+00:00,12.37094020843506
2022-06-22 13:30:00+00:00,12.221150398254396
2022-06-23 13:30:00+00:00,12.124227523803713
2022-06-24 13:30:00+00:00,12.291640281677246
2022-06-27 13:30:00+00:00,12.318073272705078
2022-06-28 13:30:00+00:00,12.318073272705078
2022-06-29 13:30:00+00:00,12.229961395263672
2022-06-30 13:30:00+00:00,12.080170631408691
2022-07-01 13:30:00+00:00,12.088982582092283
2022-07-05 13:30:00+00:00,11.92156982421875
2022-07-06 13:30:00+00:00,11.92156982421875
2022-07-07 13:30:00+00:00,12.097792625427246
2022-07-08 13:30:00+00:00,12.15066146850586
2022-07-11 13:30:00+00:00,12.080170631408691
2022-07-12 13:30:00+00:00,11.95681381225586
2022-07-13 13:30:00+00:00,11.930380821228027
2022-07-14 13:30:00+00:00,11.930380821228027
2022-07-15 13:30:00+00:00,11.992058753967283
2022-07-18 13:30:00+00:00,12.027303695678713
2022-07-19 13:30:00+00:00,12.15066146850586
2022-07-20 13:30:00+00:00,12.159472465515137
2022-07-21 13:30:00+00:00,12.115415573120115
2022-07-22 13:30:00+00:00,12.000869750976562
2022-07-25 13:30:00+00:00,12.036115646362305
2022-07-26 13:30:00+00:00,11.97443675994873
2022-07-27 13:30:00+00:00,12.06254768371582
2022-07-28 13:30:00+00:00,12.06254768371582
2022-07-29 13:30:00+00:00,12.097792625427246
2022-08-01 13:30:00+00:00,12.027303695678713
2022-08-02 13:30:00+00:00,12.044926643371582
2022-08-03 13:30:00+00:00,12.080170631408691
2022-08-04 13:30:00+00:00,12.00968074798584
2022-08-05 13:30:00+00:00,12.044926643371582
2022-08-08 13:30:00+00:00,12.027303695678713
2022-08-09 13:30:00+00:00,12.018492698669434
2022-08-10 13:30:00+00:00,12.115415573120115
2022-08-11 13:30:00+00:00,12.168283462524414
2022-08-12 13:30:00+00:00,12.229961395263672
2022-08-15 13:30:00+00:00,12.229961395263672
2022-08-16 13:30:00+00:00,12.221150398254396
2022-08-17 13:30:00+00:00,12.221150398254396
2022-08-18 13:30:00+00:00,12.274019241333008
2022-08-19 13:30:00+00:00,12.25639533996582
2022-08-22 13:30:00+00:00,12.194717407226562
2022-08-23 13:30:00+00:00,12.203527450561523
2022-08-24 13:30:00+00:00,12.25639533996582
2022-08-25 13:30:00+00:00,12.274019241333008
2022-08-26 13:30:00+00:00,12.133037567138672
2022-08-29 13:30:00+00:00,12.133037567138672
2022-08-30 13:30:00+00:00,12.027303695678713
2022-08-31 13:30:00+00:00,11.992058753967283
2022-09-01 13:30:00+00:00,12.036115646362305
2022-09-02 13:30:00+00:00,11.948003768920898
2022-09-06 13:30:00+00:00,11.965625762939451
2022-09-07 13:30:00+00:00,11.965625762939451
2022-09-08 13:30:00+00:00,12.000869750976562
2022-09-09 13:30:00+00:00,12.10660457611084
2022-09-12 13:30:00+00:00,12.177094459533691
2022-09-13 13:30:00+00:00,12.036115646362305
2022-09-14 13:30:00+00:00,12.05373764038086
2022-09-15 13:30:00+00:00,11.965625762939451
2022-09-16 13:30:00+00:00,11.92156982421875
2022-09-19 13:30:00+00:00,11.965625762939451
2022-09-20 13:30:00+00:00,11.948003768920898
2022-09-21 13:30:00+00:00,11.851078987121582
2022-09-22 13:30:00+00:00,11.90394687652588
2022-09-23 13:30:00+00:00,11.85988998413086
2022-09-26 13:30:00+00:00,11.92156982421875
2022-09-27 13:30:00+00:00,11.983247756958008
2022-09-28 13:30:00+00:00,11.895135879516602
2022-09-29 13:30:00+00:00,11.842267990112305
2022-09-30 13:30:00+00:00,11.824645042419434
2022-10-03 13:30:00+00:00,11.78058910369873
2022-10-04 13:30:00+00:00,11.833457946777344
2022-10-05 13:30:00+00:00,11.912759780883787
2022-10-06 13:30:00+00:00,11.930380821228027
2022-10-07 13:30:00+00:00,11.90394687652588
2022-10-10 13:30:00+00:00,11.948003768920898
2022-10-11 13:30:00+00:00,11.90394687652588
2022-10-12 13:30:00+00:00,11.90394687652588
2022-10-13 13:30:00+00:00,11.983247756958008
2022-10-14 13:30:00+00:00,11.95681381225586
2022-10-17 13:30:00+00:00,12.00968074798584
2022-10-18 13:30:00+00:00,12.036115646362305
2022-10-19 13:30:00+00:00,12.080170631408691
2022-10-20 13:30:00+00:00,12.088982582092283
2022-10-21 13:30:00+00:00,12.159472465515137
2022-10-24 13:30:00+00:00,12.168283462524414
2022-10-25 13:30:00+00:00,12.141850471496582
2022-10-26 13:30:00+00:00,12.06254768371582
2022-10-27 13:30:00+00:00,12.000869750976562
2022-10-28 13:30:00+00:00,12.124227523803713
2022-10-31 13:30:00+00:00,12.141850471496582
2022-11-01 13:30:00+00:00,12.115415573120115
2022-11-02 13:30:00+00:00,12.036115646362305
2022-11-03 13:30:00+00:00,12.088982582092283
2022-11-04 13:30:00+00:00,12.141850471496582
2022-11-07 14:30:00+00:00,12.185905456542969
2022-11-08 14:30:00+00:00,12.15066146850586
2022-11-09 14:30:00+00:00,12.080170631408691
2022-11-10 14:30:00+00:00,12.06254768371582
2022-11-11 14:30:00+00:00,12.10660457611084
2022-11-14 14:30:00+00:00,12.088982582092283
2022-11-15 14:30:00+00:00,12.080170631408691
2022-11-16 14:30:00+00:00,11.983247756958008
2022-11-17 14:30:00+00:00,12.00968074798584
2022-11-18 14:30:00+00:00,12.044926643371582
2022-11-21 14:30:00+00:00,12.018492698669434
2022-11-22 14:30:00+00:00,12.036115646362305
2022-11-23 14:30:00+00:00,12.00968074798584
2022-11-25 14:30:00+00:00,12.027303695678713
2022-11-28 14:30:00+00:00,11.95681381225586
2022-11-29 14:30:00+00:00,11.97443675994873
2022-11-30 14:30:00+00:00,12.088982582092283
2022-12-01 14:30:00+00:00,11.97443675994873
2022-12-02 14:30:00+00:00,11.948003768920898
2022-12-05 14:30:00+00:00,11.912759780883787
2022-12-06 14:30:00+00:00,11.789401054382324
2022-12-07 14:30:00+00:00,11.710100173950195
2022-12-08 14:30:00+00:00,11.798213958740234
2022-12-09 14:30:00+00:00,11.82535457611084
2022-12-12 14:30:00+00:00,11.852499008178713
2022-12-13 14:30:00+00:00,11.82535457611084
2022-12-14 14:30:00+00:00,11.81630802154541
2022-12-15 14:30:00+00:00,11.689640045166016
2022-12-16 14:30:00+00:00,11.689640045166016
2022-12-19 14:30:00+00:00,11.698687553405762
2022-12-20 14:30:00+00:00,11.752974510192873
2022-12-21 14:30:00+00:00,11.807260513305664
2022-12-22 14:30:00+00:00,11.771069526672363
2022-12-23 14:30:00+00:00,11.807260513305664
2022-12-27 14:30:00+00:00,11.852499008178713
2022-12-28 14:30:00+00:00,11.81630802154541
2022-12-29 14:30:00+00:00,11.89773654937744
2022-12-30 14:30:00+00:00,11.870593070983888
2023-01-03 14:30:00+00:00,11.879642486572266
2023-01-04 14:30:00+00:00,11.933927536010742
2023-01-05 14:30:00+00:00,11.89773654937744
2023-01-06 14:30:00+00:00,11.942975044250488
2023-01-09 14:30:00+00:00,11.924880981445312
2023-01-10 14:30:00+00:00,12.01535701751709
2023-01-11 14:30:00+00:00,11.997262954711914
2023-01-12 14:30:00+00:00,11.988213539123535
2023-01-13 14:30:00+00:00,12.024404525756836
2023-01-17 14:30:00+00:00,11.997262954711914
2023-01-18 14:30:00+00:00,11.906784057617188
2023-01-19 14:30:00+00:00,11.879642486572266
2023-01-20 14:30:00+00:00,11.979166030883787
2023-01-23 14:30:00+00:00,12.033452987670898
2023-01-24 14:30:00+00:00,12.05154800415039
2023-01-25 14:30:00+00:00,12.069643020629885
2023-01-26 14:30:00+00:00,12.114882469177246
2023-01-27 14:30:00+00:00,12.142024993896484
2023-01-30 14:30:00+00:00,12.123929977416992
2023-01-31 14:30:00+00:00,12.160120964050291
2023-02-01 14:30:00+00:00,12.259645462036133
2023-02-02 14:30:00+00:00,12.26869297027588
2023-02-03 14:30:00+00:00,12.26869297027588
2023-02-06 14:30:00+00:00,12.223454475402832
2023-02-07 14:30:00+00:00,12.24155044555664
2023-02-08 14:30:00+00:00,12.196311950683594
2023-02-09 14:30:00+00:00,12.187263488769531
2023-02-10 14:30:00+00:00,12.151073455810549
2023-02-13 14:30:00+00:00,12.223454475402832
2023-02-14 14:30:00+00:00,12.250597953796388
2023-02-15 14:30:00+00:00,12.26869297027588
2023-02-16 14:30:00+00:00,12.232502937316896
2023-02-17 14:30:00+00:00,12.250597953796388
2023-02-21 14:30:00+00:00,12.187263488769531
2023-02-22 14:30:00+00:00,12.16916847229004
2023-02-23 14:30:00+00:00,12.160120964050291
2023-02-24 14:30:00+00:00,12.078692436218262
2023-02-27 14:30:00+00:00,12.132977485656738
2023-02-28 14:30:00+00:00,12.087738990783691
2023-03-01 14:30:00+00:00,12.123929977416992
2023-03-02 14:30:00+00:00,12.160120964050291
2023-03-03 14:30:00+00:00,12.214406967163086
2023-03-06 14:30:00+00:00,12.259645462036133
2023-03-07 14:30:00+00:00,12.16916847229004
2023-03-08 14:30:00+00:00,12.187263488769531
2023-03-09 14:30:00+00:00,12.114882469177246
2023-03-10 14:30:00+00:00,11.915833473205566
2023-03-13 13:30:00+00:00,11.78011703491211
2023-03-14 13:30:00+00:00,11.979166030883787
2023-03-15 13:30:00+00:00,11.771069526672363
2023-03-16 13:30:00+00:00,11.906784057617188
2023-03-17 13:30:00+00:00,11.798213005065918
2023-03-20 13:30:00+00:00,11.879642486572266
2023-03-21 13:30:00+00:00,11.988213539123535
2023-03-22 13:30:00+00:00,11.933927536010742
2023-03-23 13:30:00+00:00,11.942975044250488
2023-03-24 13:30:00+00:00,11.933927536010742
2023-03-27 13:30:00+00:00,11.906784057617188
2023-03-28 13:30:00+00:00,11.924880981445312
2023-03-29 13:30:00+00:00,12.01535701751709
2023-03-30 13:30:00+00:00,12.069643020629885
2023-03-31 13:30:00+00:00,12.069643020629885
2023-04-03 13:30:00+00:00,11.979166030883787
2023-04-04 13:30:00+00:00,11.988213539123535
2023-04-05 13:30:00+00:00,11.933927536010742
2023-04-06 13:30:00+00:00,11.979166030883787
2023-04-10 13:30:00+00:00,11.970118522644045
2023-04-11 13:30:00+00:00,12.00631046295166
2023-04-12 13:30:00+00:00,12.00631046295166
2023-04-13 13:30:00+00:00,12.132977485656738
2023-04-14 13:30:00+00:00,12.078692436218262
2023-04-17 13:30:00+00:00,12.069643020629885
2023-04-18 13:30:00+00:00,12.096786499023438
2023-04-19 13:30:00+00:00,12.114882469177246
2023-04-20 13:30:00+00:00,12.132977485656738
2023-04-21 13:30:00+00:00,12.132977485656738
2023-04-24 13:30:00+00:00,12.160120964050291
2023-04-25 13:30:00+00:00,12.069643020629885
2023-04-26 13:30:00+00:00,12.105834007263184
2023-04-27 13:30:00+00:00,12.20535945892334
2023-04-28 13:30:00+00:00,12.20535945892334
2023-05-01 13:30:00+00:00,12.187263488769531
2023-05-02 13:30:00+00:00,12.187263488769531
2023-05-03 13:30:00+00:00,12.223454475402832
2023-05-04 13:30:00+00:00,12.196311950683594
2023-05-05 13:30:00+00:00,12.259645462036133
2023-05-08 13:30:00+00:00,12.232502937316896
2023-05-09 13:30:00+00:00,12.214406967163086
2023-05-10 13:30:00+00:00,12.250597953796388
2023-05-11 13:30:00+00:00,12.24155044555664
2023-05-12 13:30:00+00:00,12.232502937316896
2023-05-15 13:30:00+00:00,12.232502937316896
2023-05-16 13:30:00+00:00,12.196311950683594
2023-05-17 13:30:00+00:00,12.196311950683594
2023-05-18 13:30:00+00:00,12.223454475402832
2023-05-19 13:30:00+00:00,12.259645462036133
2023-05-22 13:30:00+00:00,12.27774143218994
2023-05-23 13:30:00+00:00,12.16916847229004
2023-05-24 13:30:00+00:00,12.05154800415039
2023-05-25 13:30:00+00:00,12.114882469177246
2023-05-26 13:30:00+00:00,12.196311950683594
2023-05-30 13:30:00+00:00,12.232502937316896
2023-05-31 13:30:00+00:00,12.187263488769531
2023-06-01 13:30:00+00:00,12.250597953796388
2023-06-02 13:30:00+00:00,12.286788940429688
2023-06-05 13:30:00+00:00,12.26869297027588
2023-06-06 13:30:00+00:00,12.30488395690918
2023-06-07 13:30:00+00:00,12.24155044555664
2023-06-08 13:30:00+00:00,12.322979927062988
2023-06-09 13:30:00+00:00,12.350122451782228
2023-06-12 13:30:00+00:00,12.467742919921877
2023-06-13 13:30:00+00:00,12.47679042816162
2023-06-14 13:30:00+00:00,12.53107738494873
2023-06-15 13:30:00+00:00,12.54012393951416
2023-06-16 13:30:00+00:00,12.47679042816162
2023-06-20 13:30:00+00:00,12.431551933288574
2023-06-21 13:30:00+00:00,12.368218421936035
2023-06-22 13:30:00+00:00,12.422503471374512
2023-06-23 13:30:00+00:00,12.30488395690918
2023-06-26 13:30:00+00:00,12.26869297027588
2023-06-27 13:30:00+00:00,12.386312484741213
2023-06-28 13:30:00+00:00,12.350122451782228
2023-06-29 13:30:00+00:00,12.350122451782228
2023-06-30 13:30:00+00:00,12.449647903442385
2023-07-03 13:30:00+00:00,12.512981414794922
2023-07-05 13:30:00+00:00,12.422503471374512
2023-07-06 13:30:00+00:00,12.332027435302734
2023-07-07 13:30:00+00:00,12.286788940429688
2023-07-10 13:30:00+00:00,12.295836448669434
2023-07-11 13:30:00+00:00,12.313931465148926
2023-07-12 13:30:00+00:00,12.322979927062988
2023-07-13 13:30:00+00:00,12.350122451782228
2023-07-14 13:30:00+00:00,12.386312484741213
2023-07-17 13:30:00+00:00,12.422503471374512
2023-07-18 13:30:00+00:00,12.431551933288574
2023-07-19 13:30:00+00:00,12.422503471374512
2023-07-20 13:30:00+00:00,12.395360946655272
2023-07-21 13:30:00+00:00,12.37726593017578
2023-07-24 13:30:00+00:00,12.386312484741213
2023-07-25 13:30:00+00:00,12.413456916809082
2023-07-26 13:30:00+00:00,12.413456916809082
2023-07-27 13:30:00+00:00,12.431551933288574
2023-07-28 13:30:00+00:00,12.485838890075684
2023-07-31 13:30:00+00:00,12.47679042816162
2023-08-01 13:30:00+00:00,12.47679042816162
2023-08-02 13:30:00+00:00,12.332027435302734
2023-08-03 13:30:00+00:00,12.322979927062988
2023-08-04 13:30:00+00:00,12.259645462036133
2023-08-07 13:30:00+00:00,12.322979927062988
2023-08-08 13:30:00+00:00,12.232502937316896
2023-08-09 13:30:00+00:00,12.20535945892334
2023-08-10 13:30:00+00:00,12.295836448669434
2023-08-11 13:30:00+00:00,12.34107494354248
2023-08-14 13:30:00+00:00,12.368218421936035
2023-08-15 13:30:00+00:00,12.295836448669434
2023-08-16 13:30:00+00:00,12.250597953796388
2023-08-17 13:30:00+00:00,12.232502937316896
2023-08-18 13:30:00+00:00,12.196311950683594
2023-08-21 13:30:00+00:00,12.313931465148926
2023-08-22 13:30:00+00:00,12.286788940429688
2023-08-23 13:30:00+00:00,12.24155044555664
2023-08-24 13:30:00+00:00,12.178215980529783
2023-08-25 13:30:00+00:00,12.259645462036133
2023-08-28 13:30:00+00:00,12.30488395690918
2023-08-29 13:30:00+00:00,12.350122451782228
2023-08-30 13:30:00+00:00,12.359170913696287
2023-08-31 13:30:00+00:00,12.322979927062988
2023-09-01 13:30:00+00:00,12.431551933288574
2023-09-05 13:30:00+00:00,12.512981414794922
2023-09-06 13:30:00+00:00,12.49488639831543
2023-09-07 13:30:00+00:00,12.431551933288574
2023-09-08 13:30:00+00:00,12.467742919921877
2023-09-11 13:30:00+00:00,12.567268371582031
2023-09-12 13:30:00+00:00,12.54012393951416
2023-09-13 13:30:00+00:00,12.522029876708984
2023-09-14 13:30:00+00:00,12.666791915893556
2023-09-15 13:30:00+00:00,12.63060188293457
2023-09-18 13:30:00+00:00,12.612505912780762
2023-09-19 13:30:00+00:00,12.648696899414062
2023-09-20 13:30:00+00:00,12.54012393951416
2023-09-21 13:30:00+00:00,12.549172401428224
2023-09-22 13:30:00+00:00,12.485838890075684
2023-09-25 13:30:00+00:00,12.57631492614746
2023-09-26 13:30:00+00:00,12.485838890075684
2023-09-27 13:30:00+00:00,12.59441089630127
2023-09-28 13:30:00+00:00,12.603459358215332
2023-09-29 13:30:00+00:00,12.53107738494873
2023-10-02 13:30:00+00:00,12.558219909667969
2023-10-03 13:30:00+00:00,12.558219909667969
2023-10-04 13:30:00+00:00,12.395360946655272
2023-10-05 13:30:00+00:00,12.30488395690918
2023-10-06 13:30:00+00:00,12.431551933288574
2023-10-09 13:30:00+00:00,12.404409408569336
2023-10-10 13:30:00+00:00,12.458695411682127
2023-10-11 13:30:00+00:00,12.413456916809082
2023-10-12 13:30:00+00:00,12.49488639831543
2023-10-13 13:30:00+00:00,12.440600395202637
2023-10-16 13:30:00+00:00,12.558219909667969
2023-10-17 13:30:00+00:00,12.657744407653809
2023-10-18 13:30:00+00:00,12.63060188293457
2023-10-19 13:30:00+00:00,12.639650344848633
2023-10-20 13:30:00+00:00,12.53107738494873
2023-10-23 13:30:00+00:00,12.440600395202637
2023-10-24 13:30:00+00:00,12.458695411682127
2023-10-25 13:30:00+00:00,12.49488639831543
2023-10-26 13:30:00+00:00,12.350122451782228
2023-10-27 13:30:00+00:00,12.332027435302734
2023-10-30 13:30:00+00:00,12.37726593017578
2023-10-31 13:30:00+00:00,12.404409408569336
2023-11-01 13:30:00+00:00,12.404409408569336
2023-11-02 13:30:00+00:00,12.413456916809082
2023-11-03 13:30:00+00:00,12.322979927062988
2023-11-06 14:30:00+00:00,12.440600395202637
2023-11-07 14:30:00+00:00,12.350122451782228
2023-11-08 14:30:00+00:00,12.286788940429688
2023-11-09 14:30:00+00:00,12.359170913696287
2023-11-10 14:30:00+00:00,12.449647903442385
2023-11-13 14:30:00+00:00,12.458695411682127
2023-11-14 14:30:00+00:00,12.386312484741213
2023-11-15 14:30:00+00:00,12.467742919921877
2023-11-16 14:30:00+00:00,12.413456916809082
2023-11-17 14:30:00+00:00,12.449647903442385
2023-11-20 14:30:00+00:00,12.47679042816162
2023-11-21 14:30:00+00:00,12.449647903442385
2023-11-22 14:30:00+00:00,12.467742919921877
2023-11-24 14:30:00+00:00,12.549172401428224
2023-11-27 14:30:00+00:00,12.47679042816162
2023-11-28 14:30:00+00:00,12.431551933288574
2023-11-29 14:30:00+00:00,12.368218421936035
2023-11-30 14:30:00+00:00,12.431551933288574
2023-12-01 14:30:00+00:00,12.350122451782228
2023-12-04 14:30:00+00:00,12.368218421936035
2023-12-05 14:30:00+00:00,12.259645462036133
2023-12-06 14:30:00+00:00,12.223454475402832
2023-12-07 14:30:00+00:00,12.232502937316896
2023-12-08 14:30:00+00:00,12.332060813903809
2023-12-11 14:30:00+00:00,12.425982475280762
2023-12-12 14:30:00+00:00,12.444766998291016
2023-12-13 14:30:00+00:00,12.501121520996094
2023-12-14 14:30:00+00:00,12.510513305664062
2023-12-15 14:30:00+00:00,12.491729736328123
2023-12-18 14:30:00+00:00,12.491729736328123
2023-12-19 14:30:00+00:00,12.623220443725586
2023-12-20 14:30:00+00:00,12.472944259643556
2023-12-21 14:30:00+00:00,12.55747413635254
2023-12-22 14:30:00+00:00,12.566866874694824
2023-12-26 14:30:00+00:00,12.604435920715332
2023-12-27 14:30:00+00:00,12.67018222808838
2023-12-28 14:30:00+00:00,12.613828659057615
2023-12-29 14:30:00+00:00,12.55747413635254
2024-01-02 14:30:00+00:00,12.519905090332031
2024-01-03 14:30:00+00:00,12.397805213928224
2024-01-04 14:30:00+00:00,12.341452598571776
2024-01-05 14:30:00+00:00,12.322667121887209
2024-01-08 14:30:00+00:00,12.501121520996094
2024-01-09 14:30:00+00:00,12.425982475280762
2024-01-10 14:30:00+00:00,12.529297828674316
2024-01-11 14:30:00+00:00,12.566866874694824
2024-01-12 14:30:00+00:00,12.632613182067873
2024-01-16 14:30:00+00:00,12.55747413635254
2024-01-17 14:30:00+00:00,12.444766998291016
2024-01-18 14:30:00+00:00,12.538690567016602
2024-01-19 14:30:00+00:00,12.698359489440918
2024-01-22 14:30:00+00:00,12.792282104492188
2024-01-23 14:30:00+00:00,12.782889366149902
2024-01-24 14:30:00+00:00,12.764104843139648
2024-01-25 14:30:00+00:00,12.839242935180664
2024-01-26 14:30:00+00:00,12.867420196533203
2024-01-29 14:30:00+00:00,13.008304595947266
2024-01-30 14:30:00+00:00,12.98012638092041
2024-01-31 14:30:00+00:00,12.858026504516602
2024-02-01 14:30:00+00:00,13.017695426940918
2024-02-02 14:30:00+00:00,13.074049949645996
2024-02-05 14:30:00+00:00,13.02708911895752
2024-02-06 14:30:00+00:00,13.092833518981934
2024-02-07 14:30:00+00:00,13.196149826049805
2024-02-08 14:30:00+00:00,13.261895179748535
2024-02-09 14:30:00+00:00,13.346426010131836
2024-02-12 14:30:00+00:00,13.37460231781006
2024-02-13 14:30:00+00:00,13.243111610412598
2024-02-14 14:30:00+00:00,13.355817794799805
2024-02-15 14:30:00+00:00,13.477917671203612
2024-02-16 14:30:00+00:00,13.440349578857422
2024-02-20 14:30:00+00:00,13.430956840515137
2024-02-21 14:30:00+00:00,13.430956840515137
2024-02-22 14:30:00+00:00,13.693940162658691
2024-02-23 14:30:00+00:00,13.778470993041992
2024-02-26 14:30:00+00:00,13.75029468536377
2024-02-27 14:30:00+00:00,13.759685516357422
2024-02-28 14:30:00+00:00,13.656371116638184
2024-02-29 14:30:00+00:00,13.722116470336914
2024-03-01 14:30:00+00:00,13.872393608093262
2024-03-04 14:30:00+00:00,13.853609085083008
2024-03-05 14:30:00+00:00,13.75029468536377
2024-03-06 14:30:00+00:00,13.853609085083008
2024-03-07 14:30:00+00:00,13.966316223144531
2024-03-08 14:30:00+00:00,13.88178539276123
2024-03-11 13:30:00+00:00,13.863001823425291
2024-03-12 13:30:00+00:00,13.985101699829102
2024-03-13 13:30:00+00:00,13.994492530822754
2024-03-14 13:30:00+00:00,13.956923484802246
2024-03-15 13:30:00+00:00,13.928747177124023
2024-03-18 13:30:00+00:00,14.013277053833008
2024-03-19 13:30:00+00:00,14.060239791870115
2024-03-20 13:30:00+00:00,14.182339668273926
2024-03-21 13:30:00+00:00,14.27626132965088
2024-03-22 13:30:00+00:00,14.257476806640623
2024-03-25 13:30:00+00:00,14.26686954498291
2024-03-26 13:30:00+00:00,14.285654067993164
2024-03-27 13:30:00+00:00,14.41714572906494
2024-03-28 13:30:00+00:00,14.398361206054688
2024-04-01 13:30:00+00:00,14.379576683044434
2024-04-02 13:30:00+00:00,14.342007637023926
2024-04-03 13:30:00+00:00,14.36079216003418
2024-04-04 13:30:00+00:00,14.257476806640623
2024-04-05 13:30:00+00:00,14.33261489868164
2024-04-08 13:30:00+00:00,14.370183944702148
2024-04-09 13:30:00+00:00,14.407753944396973
2024-04-10 13:30:00+00:00,14.295045852661133
2024-04-11 13:30:00+00:00,14.370183944702148
2024-04-12 13:30:00+00:00,14.219907760620115
2024-04-15 13:30:00+00:00,14.182339668273926
2024-04-16 13:30:00+00:00,14.050846099853516
2024-04-17 13:30:00+00:00,14.050846099853516
2024-04-18 13:30:00+00:00,14.10720157623291
2024-04-19 13:30:00+00:00,14.050846099853516
2024-04-22 13:30:00+00:00,14.06963062286377
2024-04-23 13:30:00+00:00,14.135376930236816
2024-04-24 13:30:00+00:00,14.182339668273926
2024-04-25 13:30:00+00:00,14.10720157623291
2024-04-26 13:30:00+00:00,14.219907760620115
2024-04-29 13:30:00+00:00,14.191730499267578
2024-04-30 13:30:00+00:00,14.050846099853516
2024-05-01 13:30:00+00:00,13.947532653808594
2024-05-02 13:30:00+00:00,13.928747177124023
2024-05-03 13:30:00+00:00,14.02267074584961
2024-05-06 13:30:00+00:00,14.097807884216309
2024-05-07 13:30:00+00:00,14.15416145324707
2024-05-08 13:30:00+00:00,14.15416145324707
2024-05-09 13:30:00+00:00,14.229299545288086
2024-05-10 13:30:00+00:00,14.285654067993164
2024-05-13 13:30:00+00:00,14.238692283630373
2024-05-14 13:30:00+00:00,14.323223114013672
2024-05-15 13:30:00+00:00,14.45471477508545
2024-05-16 13:30:00+00:00,14.435930252075195
2024-05-17 13:30:00+00:00,14.501675605773926
2024-05-20 13:30:00+00:00,14.520461082458496
2024-05-21 13:30:00+00:00,14.539244651794434
2024-05-22 13:30:00+00:00,14.398361206054688
2024-05-23 13:30:00+00:00,14.323223114013672
2024-05-24 13:30:00+00:00,14.398361206054688
2024-05-28 13:30:00+00:00,14.45471477508545
2024-05-29 13:30:00+00:00,14.370183944702148
2024-05-30 13:30:00+00:00,14.313830375671388
2024-05-31 13:30:00+00:00,14.370183944702148
2024-06-03 13:30:00+00:00,14.36079216003418
2024-06-04 13:30:00+00:00,14.304438591003418
2024-06-05 13:30:00+00:00,14.41714572906494
2024-06-06 13:30:00+00:00,14.42653751373291
2024-06-07 13:30:00+00:00,14.351399421691896
2024-06-10 13:30:00+00:00,14.388968467712402
2024-06-11 13:30:00+00:00,14.304438591003418
2024-06-12 13:30:00+00:00,14.407753944396973
2024-06-13 13:30:00+00:00,14.304438591003418
2024-06-14 13:30:00+00:00,14.27626132965088
2024-06-17 13:30:00+00:00,14.36079216003418
2024-06-18 13:30:00+00:00,14.398361206054688
2024-06-20 13:30:00+00:00,14.44532299041748
2024-06-21 13:30:00+00:00,14.379576683044434
2024-06-24 13:30:00+00:00,14.388968467712402
2024-06-25 13:30:00+00:00,14.435930252075195
2024-06-26 13:30:00+00:00,14.435930252075195
2024-06-27 13:30:00+00:00,14.44532299041748
2024-06-28 13:30:00+00:00,14.44532299041748
2024-07-01 13:30:00+00:00,14.482892036437988
2024-07-02 13:30:00+00:00,14.529852867126465
2024-07-03 13:30:00+00:00,14.633167266845703
2024-07-05 13:30:00+00:00,14.69891357421875
2024-07-08 13:30:00+00:00,14.69891357421875
2024-07-09 13:30:00+00:00,14.736482620239258
2024-07-10 13:30:00+00:00,14.886760711669922
2024-07-11 13:30:00+00:00,14.830405235290527
2024-07-12 13:30:00+00:00,14.90554428100586
2024-07-15 13:30:00+00:00,14.914936065673828
2024-07-16 13:30:00+00:00,14.990074157714844
2024-07-17 13:30:00+00:00,14.81162166595459
2024-07-18 13:30:00+00:00,14.69891357421875
2024-07-19 13:30:00+00:00,14.567422866821287
2024-07-22 13:30:00+00:00,14.633167266845703
2024-07-23 13:30:00+00:00,14.595599174499512
2024-07-24 13:30:00+00:00,14.351399421691896
2024-07-25 13:30:00+00:00,14.191730499267578
2024-07-26 13:30:00+00:00,14.379576683044434
2024-07-29 13:30:00+00:00,14.379576683044434
2024-07-30 13:30:00+00:00,14.36079216003418
2024-07-31 13:30:00+00:00,14.548636436462402
2024-08-01 13:30:00+00:00,14.323223114013672
2024-08-02 13:30:00+00:00,14.013277053833008
2024-08-05 13:30:00+00:00,13.51548671722412
2024-08-06 13:30:00+00:00,13.665763854980469
2024-08-07 13:30:00+00:00,13.665763854980469
2024-08-08 13:30:00+00:00,13.8911771774292
2024-08-09 13:30:00+00:00,13.947532653808594
2024-08-12 13:30:00+00:00,13.985101699829102
2024-08-13 13:30:00+00:00,14.182339668273926
2024-08-14 13:30:00+00:00,14.191730499267578
2024-08-15 13:30:00+00:00,14.295045852661133
2024-08-16 13:30:00+00:00,14.398361206054688
2024-08-19 13:30:00+00:00,14.464106559753418
2024-08-20 13:30:00+00:00,14.492283821105955
2024-08-21 13:30:00+00:00,14.567422866821287
2024-08-22 13:30:00+00:00,14.45471477508545
2024-08-23 13:30:00+00:00,14.614383697509766
2024-08-26 13:30:00+00:00,14.567422866821287
2024-08-27 13:30:00+00:00,14.595599174499512
2024-08-28 13:30:00+00:00,14.539244651794434
2024-08-29 13:30:00+00:00,14.482892036437988
2024-08-30 13:30:00+00:00,14.511067390441896
2024-09-03 13:30:00+00:00,14.323223114013672
2024-09-04 13:30:00+00:00,14.370183944702148
2024-09-05 13:30:00+00:00,14.370183944702148
2024-09-06 13:30:00+00:00,14.238692283630373
2024-09-09 13:30:00+00:00,14.351399421691896
2024-09-10 13:30:00+00:00,14.482892036437988
2024-09-11 13:30:00+00:00,14.501675605773926
2024-09-12 13:30:00+00:00,14.520461082458496
2024-09-13 13:30:00+00:00,14.633167266845703
2024-09-16 13:30:00+00:00,14.68952178955078
2024-09-17 13:30:00+00:00,14.604991912841797
2024-09-18 13:30:00+00:00,14.520461082458496
2024-09-19 13:30:00+00:00,14.595599174499512
2024-09-20 13:30:00+00:00,14.567422866821287
2024-09-23 13:30:00+00:00,14.576814651489258
2024-09-24 13:30:00+00:00,14.633167266845703
2024-09-25 13:30:00+00:00,14.539244651794434
2024-09-26 13:30:00+00:00,14.69891357421875
2024-09-27 13:30:00+00:00,14.680130004882812
2024-09-30 13:30:00+00:00,14.614383697509766
2024-10-01 13:30:00+00:00,14.558030128479004
2024-10-02 13:30:00+00:00,14.482892036437988
2024-10-03 13:30:00+00:00,14.257476806640623
2024-10-04 13:30:00+00:00,14.172945976257324
2024-10-07 13:30:00+00:00,13.966316223144531
2024-10-08 13:30:00+00:00,14.08841609954834
2024-10-09 13:30:00+00:00,14.10720157623291
2024-10-10 13:30:00+00:00,14.06963062286377
2024-10-11 13:30:00+00:00,14.182339668273926
2024-10-14 13:30:00+00:00,14.285654067993164
2024-10-15 13:30:00+00:00,14.238692283630373
2024-10-16 13:30:00+00:00,14.313830375671388
2024-10-17 13:30:00+00:00,14.304438591003418
2024-10-18 13:30:00+00:00,14.435930252075195
2024-10-21 13:30:00+00:00,14.33261489868164
2024-10-22 13:30:00+00:00,14.27626132965088
2024-10-23 13:30:00+00:00,14.135376930236816
2024-10-24 13:30:00+00:00,14.172945976257324
2024-10-25 13:30:00+00:00,14.144770622253418
2024-10-28 13:30:00+00:00,14.295045852661133
2024-10-29 13:30:00+00:00,14.323223114013672
2024-10-30 13:30:00+00:00,14.248085021972656
2024-10-31 13:30:00+00:00,13.994492530822754
2024-11-01 13:30:00+00:00,14.032061576843262
2024-11-04 14:30:00+00:00,13.975708961486816
2024-11-05 14:30:00+00:00,14.135376930236816
2024-11-06 14:30:00+00:00,14.257476806640623
2024-11-07 14:30:00+00:00,14.398361206054688
2024-11-08 14:30:00+00:00,14.379576683044434
2024-11-11 14:30:00+00:00,14.304438591003418
2024-11-12 14:30:00+00:00,14.257476806640623
2024-11-13 14:30:00+00:00,14.248085021972656
2024-11-14 14:30:00+00:00,14.238692283630373
2024-11-15 14:30:00+00:00,14.10720157623291
2024-11-18 14:30:00+00:00,14.116592407226562
2024-11-19 14:30:00+00:00,14.15416145324707
2024-11-20 14:30:00+00:00,14.172945976257324
2024-11-21 14:30:00+00:00,14.238692283630373
2024-11-22 14:30:00+00:00,14.36079216003418
2024-11-25 14:30:00+00:00,14.285654067993164
2024-11-26 14:30:00+00:00,14.36079216003418
2024-11-27 14:30:00+00:00,14.370183944702148
2024-11-29 14:30:00+00:00,14.435930252075195
2024-12-02 14:30:00+00:00,14.473499298095703
2024-12-03 14:30:00+00:00,14.492283821105955
2024-12-04 14:30:00+00:00,14.595599174499512
2024-12-05 14:30:00+00:00,14.558030128479004
2024-12-06 14:30:00+00:00,14.642560958862305
2024-12-09 14:30:00+00:00,14.576814651489258
2024-12-10 14:30:00+00:00,14.576814651489258
2024-12-11 14:30:00+00:00,14.651952743530272
2024-12-12 14:30:00+00:00,14.567422866821287
2024-12-13 14:30:00+00:00,14.548636436462402
2024-12-16 14:30:00+00:00,14.614383697509766
2024-12-17 14:30:00+00:00,14.604991912841797
2024-12-18 14:30:00+00:00,14.342007637023926
2024-12-19 14:30:00+00:00,14.253665924072266
2024-12-20 14:30:00+00:00,14.31322193145752
2024-12-23 14:30:00+00:00,14.402555465698242
2024-12-24 14:30:00+00:00,14.491888999938965
2024-12-26 14:30:00+00:00,14.46211051940918
2024-12-27 14:30:00+00:00,14.342999458312988
2024-12-30 14:30:00+00:00,14.204036712646484
2024-12-31 14:30:00+00:00,14.204036712646484
2025-01-02 14:30:00+00:00,14.213961601257324
2025-01-03 14:30:00+00:00,14.352925300598145
2025-01-06 14:30:00+00:00,14.412482261657717
2025-01-07 14:30:00+00:00,14.392629623413086
2025-01-08 14:30:00+00:00,14.422407150268556
2025-01-10 14:30:00+00:00,14.352925300598145
2025-01-13 14:30:00+00:00,14.352925300598145
2025-01-14 14:30:00+00:00,14.352925300598145
2025-01-15 14:30:00+00:00,14.362852096557615
2025-01-16 14:30:00+00:00,14.323147773742676
2025-01-17 14:30:00+00:00,14.432332992553713
2025-01-21 14:30:00+00:00,14.432332992553713
2025-01-22 14:30:00+00:00,14.531593322753906
2025-01-23 14:30:00+00:00,14.630851745605469
2025-01-24 14:30:00+00:00,14.611001014709473
2025-01-27 14:30:00+00:00,14.352925300598145
2025-01-28 14:30:00+00:00,14.481963157653809
2025-01-29 14:30:00+00:00,14.472037315368652
2025-01-30 14:30:00+00:00,14.491888999938965
2025-01-31 14:30:00+00:00,14.491888999938965
2025-02-03 14:30:00+00:00,14.372776985168455
2025-02-04 14:30:00+00:00,14.382702827453612
2025-02-05 14:30:00+00:00,14.323147773742676
2025-02-06 14:30:00+00:00,14.382702827453612
2025-02-07 14:30:00+00:00,14.352925300598145
2025-02-10 14:30:00+00:00,14.481963157653809
2025-02-11 14:30:00+00:00,14.521666526794434
2025-02-12 14:30:00+00:00,14.60107421875
2025-02-13 14:30:00+00:00,14.60107421875
2025-02-14 14:30:00+00:00,14.481963157653809
2025-02-18 14:30:00+00:00,14.64077854156494
2025-02-19 14:30:00+00:00,14.630851745605469
2025-02-20 14:30:00+00:00,14.531593322753906
2025-02-21 14:30:00+00:00,14.263591766357422
2025-02-24 14:30:00+00:00,14.154406547546388
2025-02-25 14:30:00+00:00,14.015442848205566
2025-02-26 14:30:00+00:00,13.99559211730957
2025-02-27 14:30:00+00:00,13.876479148864746
2025-02-28 14:30:00+00:00,13.926109313964844
2025-03-03 14:30:00+00:00,13.846701622009276
2025-03-04 14:30:00+00:00,13.727590560913086
2025-03-05 14:30:00+00:00,13.896331787109377
2025-03-06 14:30:00+00:00,13.68788719177246
2025-03-07 14:30:00+00:00,13.71766471862793
2025-03-10 13:30:00+00:00,13.519145965576172
2025-03-11 13:30:00+00:00,13.49929428100586
2025-03-12 13:30:00+00:00,13.5092191696167
2025-03-13 13:30:00+00:00,13.449664115905762
2025-03-14 13:30:00+00:00,13.598552703857422
2025-03-17 13:30:00+00:00,13.598552703857422
2025-03-18 13:30:00+00:00,13.608479499816896
2025-03-19 13:30:00+00:00,13.707738876342772
2025-03-20 13:30:00+00:00,13.638257026672363
2025-03-21 13:30:00+00:00,13.598552703857422
2025-03-24 13:30:00+00:00,13.668035507202148
2025-03-25 13:30:00+00:00,13.71766471862793
2025-03-26 13:30:00+00:00,13.628331184387209
2025-03-27 13:30:00+00:00,13.64818286895752
2025-03-28 13:30:00+00:00,13.54892349243164
2025-03-31 13:30:00+00:00,13.558849334716797
2025-04-01 13:30:00+00:00,13.519145965576172
2025-04-02 13:30:00+00:00,13.588626861572266
2025-04-03 13:30:00+00:00,13.19158935546875
2025-04-04 13:30:00+00:00,12.59603214263916
2025-04-07 13:30:00+00:00,12.35780906677246
2025-04-08 13:30:00+00:00,12.337957382202148
2025-04-09 13:30:00+00:00,12.576180458068848
2025-04-10 13:30:00+00:00,12.536477088928224
2025-04-11 13:30:00+00:00,12.59603214263916
2025-04-14 13:30:00+00:00,12.566254615783691
2025-04-15 13:30:00+00:00,12.59603214263916
2025-04-16 13:30:00+00:00,12.52655029296875
2025-04-17 13:30:00+00:00,12.437216758728027
2025-04-21 13:30:00+00:00,12.536477088928224
2025-04-22 13:30:00+00:00,12.54640293121338
2025-04-23 13:30:00+00:00,12.54640293121338
2025-04-24 13:30:00+00:00,12.64566135406494
2025-04-25 13:30:00+00:00,12.625810623168944
2025-04-28 13:30:00+00:00,12.744921684265137
2025-04-29 13:30:00+00:00,12.824329376220703
2025-04-30 13:30:00+00:00,12.913662910461426
2025-05-01 13:30:00+00:00,12.824329376220703
2025-05-02 13:30:00+00:00,12.993070602416992
2025-05-05 13:30:00+00:00,13.082404136657717
2025-05-06 13:30:00+00:00,13.012922286987305
2025-05-07 13:30:00+00:00,13.012922286987305
2025-05-08 13:30:00+00:00,12.893810272216797
2025-05-09 13:30:00+00:00,12.90373706817627
2025-05-12 13:30:00+00:00,12.90373706817627
2025-05-13 13:30:00+00:00,12.923588752746582
2025-05-14 13:30:00+00:00,12.893810272216797
2025-05-15 13:30:00+00:00,13.02284812927246
2025-05-16 13:30:00+00:00,13.002996444702148
2025-05-19 13:30:00+00:00,13.082404136657717
2025-05-20 13:30:00+00:00,13.12210750579834
2025-05-21 13:30:00+00:00,13.082404136657717
2025-05-22 13:30:00+00:00,13.07247829437256
2025-05-23 13:30:00+00:00,13.092329025268556
2025-05-27 13:30:00+00:00,13.201515197753906
2025-05-28 13:30:00+00:00,13.092329025268556
2025-05-29 13:30:00+00:00,13.181663513183594
2025-05-30 13:30:00+00:00,13.171737670898438
2025-06-02 13:30:00+00:00,13.241219520568848
2025-06-03 13:30:00+00:00,13.151885986328123
2025-06-04 13:30:00+00:00,13.21144199371338
2025-06-05 13:30:00+00:00,13.16181182861328
2025-06-06 13:30:00+00:00,13.171737670898438
2025-06-09 13:30:00+00:00,13.171737670898438
2025-06-10 13:30:00+00:00,13.181663513183594
2025-06-11 13:30:00+00:00,13.062551498413086
2025-06-12 13:30:00+00:00,13.141959190368652
2025-06-13 13:30:00+00:00,12.88388442993164
2025-06-16 13:30:00+00:00,13.02284812927246
2025-06-17 13:30:00+00:00,12.824329376220703
2025-06-18 13:30:00+00:00,12.804476737976074
2025-06-20 13:30:00+00:00,12.754847526550291
2025-06-23 13:30:00+00:00,12.794551849365234
2025-06-24 13:30:00+00:00,12.794551849365234
2025-06-25 13:30:00+00:00,12.854106903076172
2025-06-26 13:30:00+00:00,12.983144760131836
2025-06-27 13:30:00+00:00,12.973217964172363
2025-06-30 13:30:00+00:00,13.02284812927246
2025-07-01 13:30:00+00:00,13.04270076751709
2025-07-02 13:30:00+00:00,13.141959190368652
2025-07-03 13:30:00+00:00,13.151885986328123
2025-07-07 13:30:00+00:00,13.12210750579834
2025-07-08 13:30:00+00:00,13.151885986328123
2025-07-09 13:30:00+00:00,13.181663513183594
2025-07-10 13:30:00+00:00,13.201515197753906
2025-07-11 13:30:00+00:00,13.231292724609377
2025-07-14 13:30:00+00:00,13.22136688232422
2025-07-15 13:30:00+00:00,13.141959190368652
2025-07-16 13:30:00+00:00,13.201515197753906
2025-07-17 13:30:00+00:00,13.261070251464844
2025-07-18 13:30:00+00:00,13.251145362854004
2025-07-21 13:30:00+00:00,13.34047794342041
2025-07-22 13:30:00+00:00,13.380182266235352
2025-07-23 13:30:00+00:00,13.568775177001951
2025-07-24 13:30:00+00:00,13.529071807861328
2025-07-25 13:30:00+00:00,13.5092191696167
2025-07-28 13:30:00+00:00,13.390108108520508
2025-07-29 13:30:00+00:00,13.33055305480957
2025-07-30 13:30:00+00:00,13.231292724609377
2025-07-31 13:30:00+00:00,13.062551498413086
2025-08-01 13:30:00+00:00,12.923588752746582
2025-08-04 13:30:00+00:00,13.12210750579834
2025-08-05 13:30:00+00:00,13.092329025268556
2025-08-06 13:30:00+00:00,13.261070251464844
2025-08-07 13:30:00+00:00,13.270997047424316
2025-08-08 13:30:00+00:00,13.390108108520508
2025-08-11 13:30:00+00:00,13.290849685668944
2025-08-12 13:30:00+00:00,13.489368438720703
2025-08-13 13:30:00+00:00,13.558849334716797
2025-08-14 13:30:00+00:00,13.49929428100586
2025-08-15 13:30:00+00:00,13.538997650146484
2025-08-18 13:30:00+00:00,13.529071807861328
2025-08-19 13:30:00+00:00,13.449664115905762
2025-08-20 13:30:00+00:00,13.449664115905762
2025-08-21 13:30:00+00:00,13.390108108520508
2025-08-22 13:30:00+00:00,13.668035507202148
2025-08-25 13:30:00+00:00,13.54892349243164
2025-08-26 13:30:00+00:00,13.598552703857422
2025-08-27 13:30:00+00:00,13.608479499816896
2025-08-28 13:30:00+00:00,13.677960395812988
2025-08-29 13:30:00+00:00,13.628331184387209
2025-09-02 13:30:00+00:00,13.568775177001951
2025-09-03 13:30:00+00:00,13.638257026672363
2025-09-04 13:30:00+00:00,13.697813034057615
2025-09-05 13:30:00+00:00,13.737516403198242
2025-09-08 13:30:00+00:00,13.806998252868652
2025-09-09 13:30:00+00:00,13.777220726013184
2025-09-10 13:30:00+00:00,13.83677577972412
2025-09-11 13:30:00+00:00,13.965813636779783
2025-09-12 13:30:00+00:00,13.955887794494627
2025-09-15 13:30:00+00:00,14.065073013305664
2025-09-16 13:30:00+00:00,14.084924697875977
2025-09-17 13:30:00+00:00,14.015442848205566
2025-09-18 13:30:00+00:00,14.065073013305664
2025-09-19 13:30:00+00:00,14.084924697875977
2025-09-22 13:30:00+00:00,14.233814239501951
2025-09-23 13:30:00+00:00,14.194110870361328
2025-09-24 13:30:00+00:00,14.094850540161133
2025-09-25 13:30:00+00:00,13.985665321350098
2025-09-26 13:30:00+00:00,14.104777336120604
2025-09-29 13:30:00+00:00,14.184184074401855
2025-09-30 13:30:00+00:00,14.243741035461426
2025-10-01 13:30:00+00:00,14.303296089172363
2025-10-02 13:30:00+00:00,14.29336929321289
2025-10-03 13:30:00+00:00,14.382702827453612
2025-10-06 13:30:00+00:00,14.472037315368652
2025-10-07 13:30:00+00:00,14.392629623413086
2025-10-08 13:30:00+00:00,14.511740684509276
2025-10-09 13:30:00+00:00,14.382702827453612
2025-10-10 13:30:00+00:00,14.094850540161133
2025-10-13 13:30:00+00:00,14.352925300598145
2025-10-14 13:30:00+00:00,14.362852096557615
2025-10-15 13:30:00+00:00,14.472037315368652
2025-10-16 13:30:00+00:00,14.531593322753906
2025-10-17 13:30:00+00:00,14.442259788513184
2025-10-20 13:30:00+00:00,14.660630226135254
2025-10-21 13:30:00+00:00,14.491888999938965
2025-10-22 13:30:00+00:00,14.422407150268556
2025-10-23 13:30:00+00:00,14.50181484222412
2025-10-24 13:30:00+00:00,14.581222534179688
2025-10-27 13:30:00+00:00,14.660630226135254
2025-10-28 13:30:00+00:00,14.67055606842041
2025-10-29 13:30:00+00:00,14.630851745605469
2025-10-30 13:30:00+00:00,14.50181484222412
2025-10-31 13:30:00+00:00,14.472037315368652
2025-11-03 14:30:00+00:00,14.481963157653809
2025-11-04 14:30:00+00:00,14.273518562316896
2025-11-05 14:30:00+00:00,14.323147773742676
2025-11-06 14:30:00+00:00,14.243741035461426
2025-11-07 14:30:00+00:00,14.28344440460205
2025-11-10 14:30:00+00:00,14.531593322753906
2025-11-11 14:30:00+00:00,14.60107421875
2025-11-12 14:30:00+00:00,14.67055606842041
2025-11-13 14:30:00+00:00,14.472037315368652
2025-11-14 14:30:00+00:00,14.372776985168455
2025-11-17 14:30:00+00:00,14.243741035461426
2025-11-18 14:30:00+00:00,14.154406547546388
2025-11-19 14:30:00+00:00,14.14448070526123
2025-11-20 14:30:00+00:00,13.985665321350098
2025-11-21 14:30:00+00:00,14.065073013305664
2025-11-24 14:30:00+00:00,14.223888397216797
2025-11-25 14:30:00+00:00,14.392629623413086
2025-11-26 14:30:00+00:00,14.521666526794434
2025-11-28 14:30:00+00:00,14.620925903320312
2025-12-01 14:30:00+00:00,14.55144500732422
2025-12-02 14:30:00+00:00,14.541518211364746
2025-12-03 14:30:00+00:00,14.611001014709473
2025-12-04 14:30:00+00:00,14.611001014709473
2025-12-05 14:30:00+00:00,14.619999885559082
2025-12-08 14:30:00+00:00,14.5600004196167
2025-12-09 14:30:00+00:00,14.550000190734863
2025-12-10 14:30:00+00:00,14.649999618530272
2025-12-11 14:30:00+00:00,14.760000228881836
2025-12-12 14:30:00+00:00,14.600000381469728
2025-12-15 14:30:00+00:00,14.640000343322754
2025-12-16 14:30:00+00:00,14.579999923706056
2025-12-17 14:30:00+00:00,14.510000228881836
2025-12-18 14:30:00+00:00,14.600000381469728
2025-12-19 14:30:00+00:00,14.729999542236328
2025-12-22 14:30:00+00:00,14.81999969482422
2025-12-23 14:30:00+00:00,14.899999618530272
2025-12-24 14:30:00+00:00,14.949999809265137
2025-12-26 14:30:00+00:00,15.039999961853027
2025-12-29 14:30:00+00:00,14.850000381469728
2025-12-30 14:30:00+00:00,14.93000030517578
2025-12-31 14:30:00+00:00,14.789999961853027
2026-01-02 14:30:00+00:00,14.859999656677246
2026-01-05 14:30:00+00:00,15.09000015258789
2026-01-06 14:30:00+00:00,15.229999542236328
2026-01-07 14:30:00+00:00,15.130000114440918
2026-01-08 14:30:00+00:00,15.0600004196167
2026-01-09 14:30:00+00:00,15.229999542236328
2026-01-12 14:30:00+00:00,15.350000381469728
2026-01-13 14:30:00+00:00,15.329999923706056
2026-01-14 14:30:00+00:00,15.369999885559082
2026-01-15 14:30:00+00:00,15.43000030517578
2026-01-16 14:30:00+00:00,15.31999969482422
2026-01-20 14:30:00+00:00,15.109999656677246
2026-01-21 14:30:00+00:00,15.25
2026-01-22 14:30:00+00:00,15.380000114440918
2026-01-23 14:30:00+00:00,15.489999771118164
2026-01-26 14:30:00+00:00,15.65999984741211
2026-01-27 14:30:00+00:00,15.699999809265137
2026-01-28 14:30:00+00:00,15.789999961853027
2026-01-29 14:30:00+00:00,15.789999961853027
2026-01-30 14:30:00+00:00,15.199999809265137
2026-02-02 14:30:00+00:00,15.199999809265137
2026-02-03 14:30:00+00:00,15.329999923706056
2026-02-04 14:30:00+00:00,15.3100004196167
2026-02-05 14:30:00+00:00,15.09000015258789
2026-02-06 14:30:00+00:00,15.43000030517578
2026-02-09 14:30:00+00:00,15.630000114440918
2026-02-10 14:30:00+00:00,15.59000015258789
2026-02-11 14:30:00+00:00,15.649999618530272
2026-02-12 14:30:00+00:00,15.359999656677246
2026-02-13 14:30:00+00:00,15.399999618530272
2026-02-17 14:30:00+00:00,15.31999969482422
2026-02-18 14:30:00+00:00,15.470000267028809
2026-02-19 14:30:00+00:00,15.460000038146973
2026-02-20 14:30:00+00:00,15.59000015258789
2026-02-23 14:30:00+00:00,15.550000190734863
2026-02-24 14:30:00+00:00,15.630000114440918
2026-02-25 14:30:00+00:00,15.800000190734863
2026-02-26 14:30:00+00:00,15.760000228881836
2026-02-27 14:30:00+00:00,15.779999732971191
2026-03-02 14:30:00+00:00,15.8100004196167
2026-03-03 14:30:00+00:00,15.56999969482422
2026-03-04 14:30:00+00:00,15.729999542236328
2026-03-05 14:30:00+00:00,15.739999771118164
2026-03-06 14:30:00+00:00,15.779999732971191
2026-03-09 13:30:00+00:00,15.979999542236328
2026-03-10 13:30:00+00:00,15.760000228881836
2026-03-11 13:30:00+00:00,15.920000076293944
2026-03-12 13:30:00+00:00,15.989999771118164
2026-03-13 13:30:00+00:00,15.9399995803833
2026-03-16 13:30:00+00:00,15.979999542236328
2026-03-17 13:30:00+00:00,16.139999389648438
2026-03-18 13:30:00+00:00,16.110000610351562
2026-03-19 13:30:00+00:00,16.010000228881836
2026-03-20 13:30:00+00:00,15.869999885559082
2026-03-23 13:30:00+00:00,15.609999656677246
2026-03-24 13:30:00+00:00,15.729999542236328
2026-03-25 13:30:00+00:00,15.739999771118164
2026-03-26 13:30:00+00:00,15.779999732971191
2026-03-27 13:30:00+00:00,15.760000228881836
2026-03-30 13:30:00+00:00,15.760000228881836
2026-03-31 13:30:00+00:00,15.880000114440918
2026-04-01 13:30:00+00:00,15.859999656677246
2026-04-02 13:30:00+00:00,16.079999923706055
2026-04-06 13:30:00+00:00,16.200000762939453
2026-04-07 13:30:00+00:00,16.270000457763672
2026-04-08 13:30:00+00:00,15.989999771118164
2026-04-09 13:30:00+00:00,16.110000610351562
2026-04-10 13:30:00+00:00,16.079999923706055
2026-04-13 13:30:00+00:00,16.309999465942383
2026-04-14 13:30:00+00:00,16.219999313354492
2026-04-15 13:30:00+00:00,16.31999969482422
2026-04-16 13:30:00+00:00,16.450000762939453
2026-04-17 13:30:00+00:00,16.209999084472656
2026-04-20 13:30:00+00:00,16.34000015258789
2026-04-21 13:30:00+00:00,16.329999923706055
2026-04-22 13:30:00+00:00,16.559999465942383
2026-04-23 13:30:00+00:00,16.579999923706055
2026-04-24 13:30:00+00:00,16.670000076293945
2026-04-27 13:30:00+00:00,16.790000915527344
2026-04-28 13:30:00+00:00,16.780000686645508
2026-04-29 13:30:00+00:00,16.93000030517578
2026-04-30 13:30:00+00:00,17.06999969482422
2026-05-01 13:30:00+00:00,17.020000457763672
2026-05-04 13:30:00+00:00,17.15999984741211
2026-05-05 13:30:00+00:00,17.15999984741211
2026-05-06 13:30:00+00:00,17.040000915527344
2026-05-07 13:30:00+00:00,16.93000030517578
2026-05-08 13:30:00+00:00,17.139999389648438
2026-05-11 13:30:00+00:00,17.270000457763672
2026-05-12 13:30:00+00:00,17.40999984741211
2026-05-13 13:30:00+00:00,17.420000076293945
2026-05-14 13:30:00+00:00,17.389999389648438
2026-05-15 13:30:00+00:00,17.3700008392334
2026-05-18 13:30:00+00:00,17.530000686645508
2026-05-19 13:30:00+00:00,17.40999984741211
2026-05-20 13:30:00+00:00,17.290000915527344
2026-05-21 13:30:00+00:00,17.280000686645508
2026-05-22 13:30:00+00:00,17.299999237060547
2026-05-26 13:30:00+00:00,17.229999542236328
2026-05-27 13:30:00+00:00,17.06999969482422
2026-05-28 13:30:00+00:00,17.1200008392334
2026-05-29 13:30:00+00:00,17.09000015258789
2026-06-01 13:30:00+00:00,17.299999237060547
2026-06-02 13:30:00+00:00,17.329999923706055
2026-06-03 13:30:00+00:00,17.329999923706055
2026-06-04 13:30:00+00:00,17.239999771118164
2026-06-05 13:30:00+00:00,16.850000381469727
2026-06-08 13:30:00+00:00,16.950000762939453
2026-06-09 13:30:00+00:00,16.84000015258789
2026-06-10 13:30:00+00:00,16.700000762939453
2026-06-11 13:30:00+00:00,16.850000381469727
2026-06-12 13:30:00+00:00,16.829999923706055
2026-06-15 13:30:00+00:00,16.90999984741211
2026-06-16 13:30:00+00:00,16.709999084472656
2026-06-17 13:30:00+00:00,16.6200008392334
2026-06-18 13:30:00+00:00,16.700000762939453
2026-06-22 13:30:00+00:00,16.700000762939453
2026-06-23 13:30:00+00:00,16.420000076293945
2026-06-24 13:30:00+00:00,16.31999969482422
2026-06-25 13:30:00+00:00,16.3799991607666
2026-06-26 13:30:00+00:00,16.260000228881836
2026-06-29 13:30:00+00:00,16.450000762939453
2026-06-30 13:30:00+00:00,16.559999465942383
2026-07-01 13:30:00+00:00,16.530000686645508
2026-07-02 13:30:00+00:00,16.520000457763672
2026-07-06 13:30:00+00:00,16.68000030517578
2026-07-07 13:30:00+00:00,16.559999465942383
2026-07-08 13:30:00+00:00,16.579999923706055
2026-07-09 13:30:00+00:00,16.68000030517578
2026-07-10 13:30:00+00:00,16.75
2026-07-13 13:30:00+00:00,16.719999313354492
2026-07-14 13:30:00+00:00,16.790000915527344
2026-07-15 13:30:00+00:00,16.799999237060547
2026-07-16 13:30:00+00:00,16.739999771118164
2026-07-17 13:30:00+00:00,16.56999969482422
2026-07-20 13:30:00+00:00,16.59000015258789
2026-07-21 13:30:00+00:00,16.780000686645508
2026-07-22 13:30:00+00:00,16.780000686645508
2026-07-23 13:30:00+00:00,16.68000030517578
2026-07-24 13:30:00+00:00,16.639999389648438
2026-07-27 13:30:00+00:00,16.639999389648438
2026-07-28 13:30:00+00:00,16.600000381469727
2026-07-29 13:30:00+00:00,16.459999084472656
2026-07-30 13:30:00+00:00,16.65999984741211
2026-07-31 13:30:00+00:00,16.790000915527344
2026-08-03 13:30:00+00:00,16.850000381469727
2026-08-04 13:30:00+00:00,16.989999771118164
2026-08-05 13:30:00+00:00,16.959999084472656
2026-08-06 13:30:00+00:00,17.010000228881836
2026-08-07 13:30:00+00:00,17.09000015258789
2026-08-10 13:30:00+00:00,17.200000762939453
2026-08-11 13:30:00+00:00,17.149999618530273
2026-08-12 13:30:00+00:00,17.239999771118164
2026-08-13 13:30:00+00:00,17.290000915527344
2026-08-14 13:30:00+00:00,17.31999969482422
2026-08-17 13:30:00+00:00,17.360000610351562
2026-08-18 13:30:00+00:00,17.209999084472656
2026-08-19 13:30:00+00:00,17.100000381469727
2026-08-20 13:30:00+00:00,17.06999969482422
2026-08-21 13:30:00+00:00,17.15999984741211
2026-08-24 13:30:00+00:00,17.020000457763672
2026-08-25 13:30:00+00:00,17.020000457763672
2026-08-26 13:30:00+00:00,17.030000686645508
2026-08-27 13:30:00+00:00,17.100000381469727
2026-08-28 13:30:00+00:00,17.170000076293945
2026-08-31 13:30:00+00:00,17.219999313354492
2026-09-01 13:30:00+00:00,17.239999771118164
2026-09-02 13:30:00+00:00,17.290000915527344
2026-09-03 13:30:00+00:00,17.3799991607666
2026-09-04 13:30:00+00:00,17.31999969482422
2026-09-08 13:30:00+00:00,17.299999237060547
2026-09-09 13:30:00+00:00,17.299999237060547
2026-09-10 13:30:00+00:00,17.450000762939453
2026-09-11 13:30:00+00:00,17.510000228881836
2026-09-14 13:30:00+00:00,17.420000076293945
