date,DBMF
2019-05-08 13:30:00+00:00,16.375017166137695
2019-05-09 13:30:00+00:00,16.384183883666992
2019-05-10 13:30:00+00:00,16.38680648803711
2019-05-13 13:30:00+00:00,16.266963958740234
2019-05-14 13:30:00+00:00,16.35995864868164
2019-05-15 13:30:00+00:00,16.564273834228516
2019-05-16 13:30:00+00:00,16.742403030395508
2019-05-17 13:30:00+00:00,16.79478645324707
2019-05-20 13:30:00+00:00,16.686737060546875
2019-05-21 13:30:00+00:00,16.7050724029541
2019-05-22 13:30:00+00:00,16.71554946899414
2019-05-23 13:30:00+00:00,16.623872756958008
2019-05-24 13:30:00+00:00,16.65857696533203
2019-05-28 13:30:00+00:00,16.7627010345459
2019-05-29 13:30:00+00:00,16.695247650146484
2019-05-30 13:30:00+00:00,16.72995948791504
2019-05-31 13:30:00+00:00,16.59832763671875
2019-06-03 13:30:00+00:00,16.54004669189453
2019-06-04 13:30:00+00:00,16.567548751831055
2019-06-05 13:30:00+00:00,16.630414962768555
2019-06-06 13:30:00+00:00,16.60749626159668
2019-06-07 13:30:00+00:00,16.73584747314453
2019-06-10 13:30:00+00:00,16.6513729095459
2019-06-11 13:30:00+00:00,16.617321014404297
2019-06-12 13:30:00+00:00,16.69001007080078
2019-06-13 13:30:00+00:00,16.788896560668945
2019-06-14 13:30:00+00:00,16.868133544921875
2019-06-17 13:30:00+00:00,16.86289405822754
2019-06-18 13:30:00+00:00,16.991249084472656
2019-06-19 13:30:00+00:00,17.05150032043457
2019-06-20 13:30:00+00:00,17.022031784057617
2019-06-21 13:30:00+00:00,16.748294830322266
2019-06-24 13:30:00+00:00,16.79151725769043
2019-06-25 13:30:00+00:00,16.817710876464844
2019-06-26 13:30:00+00:00,16.64023780822754
2019-06-27 13:30:00+00:00,16.741865158081055
2019-06-28 13:30:00+00:00,16.820545196533203
2019-07-01 13:30:00+00:00,16.889387130737305
2019-07-02 13:30:00+00:00,17.04346466064453
2019-07-03 13:30:00+00:00,17.199504852294922
2019-07-05 13:30:00+00:00,17.029693603515625
2019-07-08 13:30:00+00:00,16.993633270263672
2019-07-09 13:30:00+00:00,16.97461700439453
2019-07-10 13:30:00+00:00,16.948394775390625
2019-07-11 13:30:00+00:00,16.806779861450195
2019-07-12 13:30:00+00:00,16.850048065185547
2019-07-15 13:30:00+00:00,16.93855857849121
2019-07-16 13:30:00+00:00,16.9320011138916
2019-07-17 13:30:00+00:00,16.997562408447266
2019-07-18 13:30:00+00:00,16.997562408447266
2019-07-19 13:30:00+00:00,16.98707389831543
2019-07-22 13:30:00+00:00,17.02379608154297
2019-07-23 13:30:00+00:00,17.129348754882812
2019-07-24 13:30:00+00:00,17.274906158447266
2019-07-25 13:30:00+00:00,17.12279510498047
2019-07-26 13:30:00+00:00,17.244089126586914
2019-07-29 13:30:00+00:00,17.219831466674805
2019-07-30 13:30:00+00:00,17.110990524291992
2019-07-31 13:30:00+00:00,17.188358306884766
2019-08-01 13:30:00+00:00,17.3260440826416
2019-08-02 13:30:00+00:00,17.195568084716797
2019-08-05 13:30:00+00:00,16.94249153137207
2019-08-06 13:30:00+00:00,17.208026885986328
2019-08-07 13:30:00+00:00,17.263105392456055
2019-08-08 13:30:00+00:00,17.436189651489258
2019-08-09 13:30:00+00:00,17.285398483276367
2019-08-12 13:30:00+00:00,17.53191375732422
2019-08-13 13:30:00+00:00,17.61846351623535
2019-08-14 13:30:00+00:00,17.86825942993164
2019-08-15 13:30:00+00:00,18.177072525024414
2019-08-16 13:30:00+00:00,18.125930786132812
2019-08-19 13:30:00+00:00,17.97579002380371
2019-08-20 13:30:00+00:00,18.05643081665039
2019-08-21 13:30:00+00:00,18.026926040649414
2019-08-22 13:30:00+00:00,17.92923355102539
2019-08-23 13:30:00+00:00,17.981689453125
2019-08-26 13:30:00+00:00,18.08265495300293
2019-08-27 13:30:00+00:00,18.31999969482422
2019-08-28 13:30:00+00:00,18.386878967285156
2019-08-29 13:30:00+00:00,18.382287979125977
2019-08-30 13:30:00+00:00,18.474735260009766
2019-09-03 13:30:00+00:00,18.561275482177734
2019-09-04 13:30:00+00:00,18.59799575805664
2019-09-05 13:30:00+00:00,18.240663528442383
2019-09-06 13:30:00+00:00,18.32590103149414
2019-09-09 13:30:00+00:00,18.007261276245117
2019-09-10 13:30:00+00:00,17.749591827392578
2019-09-11 13:30:00+00:00,17.82433319091797
2019-09-12 13:30:00+00:00,17.68796157836914
2019-09-13 13:30:00+00:00,17.345712661743164
2019-09-16 13:30:00+00:00,17.590923309326172
2019-09-17 13:30:00+00:00,17.609283447265625
2019-09-18 13:30:00+00:00,17.710250854492188
2019-09-19 13:30:00+00:00,17.72270965576172
2019-09-20 13:30:00+00:00,17.910221099853516
2019-09-23 13:30:00+00:00,17.965951919555664
2019-09-24 13:30:00+00:00,18.095117568969727
2019-09-25 13:30:00+00:00,18.013813018798828
2019-09-26 13:30:00+00:00,18.120027542114258
2019-09-27 13:30:00+00:00,18.099014282226562
2019-09-30 13:30:00+00:00,18.192270278930664
2019-10-01 13:30:00+00:00,18.184391021728516
2019-10-02 13:30:00+00:00,18.210664749145508
2019-10-03 13:30:00+00:00,18.31705665588379
2019-10-04 13:30:00+00:00,18.385360717773438
2019-10-07 13:30:00+00:00,18.300636291503906
2019-10-08 13:30:00+00:00,18.293415069580078
2019-10-09 13:30:00+00:00,18.25204086303711
2019-10-10 13:30:00+00:00,18.08127784729004
2019-10-11 13:30:00+00:00,17.974884033203125
2019-10-14 13:30:00+00:00,18.057634353637695
2019-10-15 13:30:00+00:00,17.976198196411133
2019-10-16 13:30:00+00:00,17.942703247070312
2019-10-17 13:30:00+00:00,17.87177276611328
2019-10-18 13:30:00+00:00,17.814632415771484
2019-10-21 13:30:00+00:00,17.7653751373291
2019-10-22 13:30:00+00:00,17.813318252563477
2019-10-23 13:30:00+00:00,17.83827781677246
2019-10-24 13:30:00+00:00,17.892135620117188
2019-10-25 13:30:00+00:00,17.87834358215332
2019-10-28 13:30:00+00:00,17.78836441040039
2019-10-29 13:30:00+00:00,17.78836441040039
2019-10-30 13:30:00+00:00,17.877685546875
2019-10-31 13:30:00+00:00,17.98670768737793
2019-11-01 13:30:00+00:00,17.952556610107422
2019-11-04 14:30:00+00:00,17.93285369873047
2019-11-05 14:30:00+00:00,17.88031005859375
2019-11-06 14:30:00+00:00,17.939420700073242
2019-11-07 14:30:00+00:00,17.81595230102539
2019-11-08 14:30:00+00:00,17.804786682128906
2019-11-11 14:30:00+00:00,17.798215866088867
2019-11-12 14:30:00+00:00,17.85732650756836
2019-11-13 14:30:00+00:00,17.88425064086914
2019-11-14 14:30:00+00:00,17.909866333007812
2019-11-15 14:30:00+00:00,17.903297424316406
2019-11-18 14:30:00+00:00,17.909866333007812
2019-11-19 14:30:00+00:00,17.942703247070312
2019-11-20 14:30:00+00:00,17.965688705444336
2019-11-21 14:30:00+00:00,17.932199478149414
2019-11-22 14:30:00+00:00,18.005756378173828
2019-11-25 14:30:00+00:00,18.123313903808594
2019-11-26 14:30:00+00:00,18.162715911865234
2019-11-27 14:30:00+00:00,18.185705184936523
2019-11-29 14:30:00+00:00,18.117403030395508
2019-12-02 14:30:00+00:00,17.86060905456543
2019-12-03 14:30:00+00:00,17.953868865966797
2019-12-04 14:30:00+00:00,17.972259521484375
2019-12-05 14:30:00+00:00,17.893447875976562
2019-12-06 14:30:00+00:00,17.991960525512695
2019-12-09 14:30:00+00:00,17.96897315979004
2019-12-10 14:30:00+00:00,17.886877059936523
2019-12-11 14:30:00+00:00,17.942049026489258
2019-12-12 14:30:00+00:00,17.942049026489258
2019-12-13 14:30:00+00:00,18.115434646606445
2019-12-16 14:30:00+00:00,18.1298828125
2019-12-17 14:30:00+00:00,18.096385955810547
2019-12-18 14:30:00+00:00,18.06749153137207
2019-12-19 14:30:00+00:00,18.097043991088867
2019-12-20 14:30:00+00:00,18.217885971069336
2019-12-23 14:30:00+00:00,18.205408096313477
2019-12-24 14:30:00+00:00,18.22248649597168
2019-12-26 14:30:00+00:00,18.30589485168457
2019-12-27 14:30:00+00:00,18.27655601501465
2019-12-30 14:30:00+00:00,18.110549926757812
2019-12-31 14:30:00+00:00,18.121997833251953
2020-01-02 14:30:00+00:00,18.360990524291992
2020-01-03 14:30:00+00:00,18.3209228515625
2020-01-06 14:30:00+00:00,18.357412338256836
2020-01-07 14:30:00+00:00,18.32879066467285
2020-01-08 14:30:00+00:00,18.334514617919922
2020-01-09 14:30:00+00:00,18.401775360107422
2020-01-10 14:30:00+00:00,18.40034294128418
2020-01-13 14:30:00+00:00,18.464746475219727
2020-01-14 14:30:00+00:00,18.4711856842041
2020-01-15 14:30:00+00:00,18.501237869262695
2020-01-16 14:30:00+00:00,18.602128982543945
2020-01-17 14:30:00+00:00,18.678695678710938
2020-01-21 14:30:00+00:00,18.622880935668945
2020-01-22 14:30:00+00:00,18.65150260925293
2020-01-23 14:30:00+00:00,18.700878143310547
2020-01-24 14:30:00+00:00,18.6057071685791
2020-01-27 14:30:00+00:00,18.367433547973633
2020-01-28 14:30:00+00:00,18.447574615478516
2020-01-29 14:30:00+00:00,18.55991554260254
2020-01-30 14:30:00+00:00,18.53630256652832
2020-01-31 14:30:00+00:00,18.303749084472656
2020-02-03 14:30:00+00:00,18.39390754699707
2020-02-04 14:30:00+00:00,18.461883544921875
2020-02-05 14:30:00+00:00,18.500520706176758
2020-02-06 14:30:00+00:00,18.607852935791016
2020-02-07 14:30:00+00:00,18.643632888793945
2020-02-10 14:30:00+00:00,18.819658279418945
2020-02-11 14:30:00+00:00,18.826812744140625
2020-02-12 14:30:00+00:00,18.8904972076416
2020-02-13 14:30:00+00:00,18.86115837097168
2020-02-14 14:30:00+00:00,18.92984962463379
2020-02-18 14:30:00+00:00,19.015716552734375
2020-02-19 14:30:00+00:00,19.15167236328125
2020-02-20 14:30:00+00:00,19.186017990112305
2020-02-21 14:30:00+00:00,19.16956329345703
2020-02-24 14:30:00+00:00,18.844701766967773
2020-02-25 14:30:00+00:00,18.50481414794922
2020-02-26 14:30:00+00:00,18.49408721923828
2020-02-27 14:30:00+00:00,18.01251983642578
2020-02-28 14:30:00+00:00,17.916637420654297
2020-03-02 14:30:00+00:00,18.282997131347656
2020-03-03 14:30:00+00:00,18.410364151000977
2020-03-04 14:30:00+00:00,18.670822143554688
2020-03-05 14:30:00+00:00,18.588539123535156
2020-03-06 14:30:00+00:00,18.750967025756836
2020-03-09 13:30:00+00:00,18.184968948364258
2020-03-10 13:30:00+00:00,18.365999221801758
2020-03-11 13:30:00+00:00,18.08693504333496
2020-03-12 13:30:00+00:00,17.380687713623047
2020-03-13 13:30:00+00:00,17.849374771118164
2020-03-16 13:30:00+00:00,17.802858352661133
2020-03-17 13:30:00+00:00,17.394996643066406
2020-03-18 13:30:00+00:00,17.185344696044922
2020-03-19 13:30:00+00:00,17.41718101501465
2020-03-20 13:30:00+00:00,17.68050193786621
2020-03-23 13:30:00+00:00,17.887300491333008
2020-03-24 13:30:00+00:00,18.11412811279297
2020-03-25 13:30:00+00:00,17.998210906982422
2020-03-26 13:30:00+00:00,18.090513229370117
2020-03-27 13:30:00+00:00,18.156387329101562
2020-03-30 13:30:00+00:00,18.2580623626709
2020-03-31 13:30:00+00:00,18.149946212768555
2020-04-01 13:30:00+00:00,18.171422958374023
2020-04-02 13:30:00+00:00,18.19362449645996
2020-04-03 13:30:00+00:00,18.08192253112793
2020-04-06 13:30:00+00:00,18.319643020629883
2020-04-07 13:30:00+00:00,18.1893253326416
2020-04-08 13:30:00+00:00,18.174287796020508
2020-04-09 13:30:00+00:00,18.250904083251953
2020-04-13 13:30:00+00:00,18.257349014282227
2020-04-14 13:30:00+00:00,18.316062927246094
2020-04-15 13:30:00+00:00,18.38265609741211
2020-04-16 13:30:00+00:00,18.441368103027344
2020-04-17 13:30:00+00:00,18.412010192871094
2020-04-20 13:30:00+00:00,18.507957458496094
2020-04-21 13:30:00+00:00,18.576698303222656
2020-04-22 13:30:00+00:00,18.671215057373047
2020-04-23 13:30:00+00:00,18.671215057373047
2020-04-24 13:30:00+00:00,18.74209976196289
2020-04-27 13:30:00+00:00,18.720617294311523
2020-04-28 13:30:00+00:00,18.777902603149414
2020-04-29 13:30:00+00:00,18.717037200927734
2020-04-30 13:30:00+00:00,18.552352905273438
2020-05-01 13:30:00+00:00,18.49148941040039
2020-05-04 13:30:00+00:00,18.49148941040039
2020-05-05 13:30:00+00:00,18.46857452392578
2020-05-06 13:30:00+00:00,18.409147262573242
2020-05-07 13:30:00+00:00,18.409147262573242
2020-05-08 13:30:00+00:00,18.409147262573242
2020-05-11 13:30:00+00:00,18.419889450073242
2020-05-12 13:30:00+00:00,18.41630744934082
2020-05-13 13:30:00+00:00,18.502229690551758
2020-05-14 13:30:00+00:00,18.495071411132812
2020-05-15 13:30:00+00:00,18.49148941040039
2020-05-18 13:30:00+00:00,18.173572540283203
2020-05-19 13:30:00+00:00,18.160686492919922
2020-05-20 13:30:00+00:00,18.07977294921875
2020-05-21 13:30:00+00:00,18.133474349975586
2020-05-22 13:30:00+00:00,18.201496124267578
2020-05-26 13:30:00+00:00,17.979528427124023
2020-05-27 13:30:00+00:00,18.06330680847168
2020-05-28 13:30:00+00:00,17.947309494018555
2020-05-29 13:30:00+00:00,17.979528427124023
2020-06-01 13:30:00+00:00,17.90792465209961
2020-06-02 13:30:00+00:00,17.77903938293457
2020-06-03 13:30:00+00:00,17.562801361083984
2020-06-04 13:30:00+00:00,17.49262809753418
2020-06-05 13:30:00+00:00,17.49262809753418
2020-06-08 13:30:00+00:00,17.592870712280273
2020-06-09 13:30:00+00:00,17.57855224609375
2020-06-10 13:30:00+00:00,17.621509552001953
2020-06-11 13:30:00+00:00,17.571392059326172
2020-06-12 13:30:00+00:00,17.592870712280273
2020-06-15 13:30:00+00:00,17.592870712280273
2020-06-16 13:30:00+00:00,17.557069778442383
2020-06-17 13:30:00+00:00,17.486181259155273
2020-06-18 13:30:00+00:00,17.428184509277344
2020-06-19 13:30:00+00:00,17.523418426513672
2020-06-22 13:30:00+00:00,17.57855224609375
2020-06-23 13:30:00+00:00,17.53559112548828
2020-06-24 13:30:00+00:00,17.473291397094727
2020-06-25 13:30:00+00:00,17.52484703063965
2020-06-26 13:30:00+00:00,17.549911499023438
2020-06-29 13:30:00+00:00,17.5649471282959
2020-06-30 13:30:00+00:00,17.642995834350586
2020-07-01 13:30:00+00:00,17.529142379760742
2020-07-02 13:30:00+00:00,17.53917121887207
2020-07-06 13:30:00+00:00,17.656599044799805
2020-07-07 13:30:00+00:00,17.716745376586914
2020-07-08 13:30:00+00:00,17.746816635131836
2020-07-09 13:30:00+00:00,17.811260223388672
2020-07-10 13:30:00+00:00,17.77903938293457
2020-07-13 13:30:00+00:00,17.714599609375
2020-07-14 13:30:00+00:00,17.746816635131836
2020-07-15 13:30:00+00:00,17.82200050354004
2020-07-16 13:30:00+00:00,17.75398063659668
2020-07-17 13:30:00+00:00,17.761138916015625
2020-07-20 13:30:00+00:00,17.805530548095703
2020-07-21 13:30:00+00:00,17.9387149810791
2020-07-22 13:30:00+00:00,17.9974308013916
2020-07-23 13:30:00+00:00,18.0611572265625
2020-07-24 13:30:00+00:00,18.069032669067383
2020-07-27 13:30:00+00:00,18.1621150970459
2020-07-28 13:30:00+00:00,18.205076217651367
2020-07-29 13:30:00+00:00,18.25591468811035
2020-07-30 13:30:00+00:00,18.263076782226562
2020-07-31 13:30:00+00:00,18.27166748046875
2020-08-03 13:30:00+00:00,18.37406349182129
2020-08-04 13:30:00+00:00,18.55879783630371
2020-08-05 13:30:00+00:00,18.58457374572754
2020-08-06 13:30:00+00:00,18.58457374572754
2020-08-07 13:30:00+00:00,18.387666702270508
2020-08-10 13:30:00+00:00,18.355443954467773
2020-08-11 13:30:00+00:00,18.01962661743164
2020-08-12 13:30:00+00:00,17.983821868896484
2020-08-13 13:30:00+00:00,17.955900192260742
2020-08-14 13:30:00+00:00,17.9437255859375
2020-08-17 13:30:00+00:00,18.07977294921875
2020-08-18 13:30:00+00:00,18.192907333374023
2020-08-19 13:30:00+00:00,17.972366333007812
2020-08-20 13:30:00+00:00,18.038240432739258
2020-08-21 13:30:00+00:00,18.033227920532227
2020-08-24 13:30:00+00:00,18.053279876708984
2020-08-25 13:30:00+00:00,18.043973922729492
2020-08-26 13:30:00+00:00,18.108413696289062
2020-08-27 13:30:00+00:00,17.990983963012695
2020-08-28 13:30:00+00:00,18.112709045410156
2020-08-31 13:30:00+00:00,18.154953002929688
2020-09-01 13:30:00+00:00,18.2158203125
2020-09-02 13:30:00+00:00,18.312488555908203
2020-09-03 13:30:00+00:00,18.183597564697266
2020-09-04 13:30:00+00:00,18.031082153320312
2020-09-08 13:30:00+00:00,17.965208053588867
2020-09-09 13:30:00+00:00,18.022491455078125
2020-09-10 13:30:00+00:00,17.990983963012695
2020-09-11 13:30:00+00:00,17.9974308013916
2020-09-14 13:30:00+00:00,18.130611419677734
2020-09-15 13:30:00+00:00,18.07977294921875
2020-09-16 13:30:00+00:00,17.9115047454834
2020-09-17 13:30:00+00:00,17.854936599731445
2020-09-18 13:30:00+00:00,17.8262996673584
2020-09-21 13:30:00+00:00,17.66375732421875
2020-09-22 13:30:00+00:00,17.637266159057617
2020-09-23 13:30:00+00:00,17.479022979736328
2020-09-24 13:30:00+00:00,17.426034927368164
2020-09-25 13:30:00+00:00,17.413150787353516
2020-09-28 13:30:00+00:00,17.65731430053711
2020-09-29 13:30:00+00:00,17.683090209960938
2020-09-30 13:30:00+00:00,17.60934066772461
2020-10-01 13:30:00+00:00,17.71245002746582
2020-10-02 13:30:00+00:00,17.714599609375
2020-10-05 13:30:00+00:00,17.64729118347168
2020-10-06 13:30:00+00:00,17.560651779174805
2020-10-07 13:30:00+00:00,17.56351089477539
2020-10-08 13:30:00+00:00,17.56422996520996
2020-10-09 13:30:00+00:00,17.730348587036133
2020-10-12 13:30:00+00:00,17.85064125061035
2020-10-13 13:30:00+00:00,17.7675838470459
2020-10-14 13:30:00+00:00,17.66733741760254
2020-10-15 13:30:00+00:00,17.5649471282959
2020-10-16 13:30:00+00:00,17.678796768188477
2020-10-19 13:30:00+00:00,17.542030334472656
2020-10-20 13:30:00+00:00,17.61793327331543
2020-10-21 13:30:00+00:00,17.789064407348633
2020-10-22 13:30:00+00:00,17.78619956970215
2020-10-23 13:30:00+00:00,17.8527889251709
2020-10-26 13:30:00+00:00,17.714599609375
2020-10-27 13:30:00+00:00,17.706005096435547
2020-10-28 13:30:00+00:00,17.65087127685547
2020-10-29 13:30:00+00:00,17.677364349365234
2020-10-30 13:30:00+00:00,17.60791015625
2020-11-02 14:30:00+00:00,17.61077308654785
2020-11-03 14:30:00+00:00,17.649438858032227
2020-11-04 14:30:00+00:00,17.60003089904785
2020-11-05 14:30:00+00:00,17.874988555908203
2020-11-06 14:30:00+00:00,18.021774291992188
2020-11-09 14:30:00+00:00,17.72247314453125
2020-11-10 14:30:00+00:00,17.658029556274414
2020-11-11 14:30:00+00:00,17.64729118347168
2020-11-12 14:30:00+00:00,17.65373420715332
2020-11-13 14:30:00+00:00,17.841333389282227
2020-11-16 14:30:00+00:00,17.847780227661133
2020-11-17 14:30:00+00:00,17.90792465209961
2020-11-18 14:30:00+00:00,17.893604278564453
2020-11-19 14:30:00+00:00,17.886442184448242
2020-11-20 14:30:00+00:00,17.8900203704834
2020-11-23 14:30:00+00:00,17.79837417602539
2020-11-24 14:30:00+00:00,17.900049209594727
2020-11-25 14:30:00+00:00,17.85422134399414
2020-11-27 14:30:00+00:00,17.980243682861328
2020-11-30 14:30:00+00:00,17.73607635498047
2020-12-01 14:30:00+00:00,17.951602935791016
2020-12-02 14:30:00+00:00,17.915084838867188
2020-12-03 14:30:00+00:00,18.033945083618164
2020-12-04 14:30:00+00:00,18.054712295532227
2020-12-07 14:30:00+00:00,18.01747703552246
2020-12-08 14:30:00+00:00,18.006019592285156
2020-12-09 14:30:00+00:00,17.961624145507812
2020-12-10 14:30:00+00:00,18.142780303955078
2020-12-11 14:30:00+00:00,18.03609275817871
2020-12-14 14:30:00+00:00,18.027503967285156
2020-12-15 14:30:00+00:00,18.22942543029785
2020-12-16 14:30:00+00:00,18.328950881958008
2020-12-17 14:30:00+00:00,18.45639991760254
2020-12-18 14:30:00+00:00,18.40771484375
2020-12-21 14:30:00+00:00,18.19934844970703
2020-12-22 14:30:00+00:00,18.0346622467041
2020-12-23 14:30:00+00:00,18.207944869995117
2020-12-24 14:30:00+00:00,18.139202117919922
2020-12-28 14:30:00+00:00,18.1943359375
2020-12-29 14:30:00+00:00,18.337966918945312
2020-12-30 14:30:00+00:00,18.53501319885254
2020-12-31 14:30:00+00:00,18.44839859008789
2021-01-04 14:30:00+00:00,18.476545333862305
2021-01-05 14:30:00+00:00,18.944252014160156
2021-01-06 14:30:00+00:00,18.820110321044922
2021-01-07 14:30:00+00:00,18.752986907958984
2021-01-08 14:30:00+00:00,18.949308395385742
2021-01-11 14:30:00+00:00,18.679365158081055
2021-01-12 14:30:00+00:00,18.84248924255371
2021-01-13 14:30:00+00:00,18.771753311157227
2021-01-14 14:30:00+00:00,18.903114318847656
2021-01-15 14:30:00+00:00,18.560274124145508
2021-01-19 14:30:00+00:00,18.78980255126953
2021-01-20 14:30:00+00:00,19.045305252075195
2021-01-21 14:30:00+00:00,19.092937469482422
2021-01-22 14:30:00+00:00,18.919713973999023
2021-01-25 14:30:00+00:00,18.958688735961914
2021-01-26 14:30:00+00:00,18.859804153442383
2021-01-27 14:30:00+00:00,18.592758178710938
2021-01-28 14:30:00+00:00,18.701019287109375
2021-01-29 14:30:00+00:00,18.426748275756836
2021-02-01 14:30:00+00:00,18.64183235168457
2021-02-02 14:30:00+00:00,18.761642456054688
2021-02-03 14:30:00+00:00,18.916826248168945
2021-02-04 14:30:00+00:00,18.891565322875977
2021-02-05 14:30:00+00:00,19.09726905822754
2021-02-08 14:30:00+00:00,19.1954288482666
2021-02-09 14:30:00+00:00,19.326793670654297
2021-02-10 14:30:00+00:00,19.32823371887207
2021-02-11 14:30:00+00:00,19.401134490966797
2021-02-12 14:30:00+00:00,19.606836318969727
2021-02-16 14:30:00+00:00,19.740365982055664
2021-02-17 14:30:00+00:00,19.660249710083008
2021-02-18 14:30:00+00:00,19.53105354309082
2021-02-19 14:30:00+00:00,19.646535873413086
2021-02-22 14:30:00+00:00,19.740365982055664
2021-02-23 14:30:00+00:00,19.8074893951416
2021-02-24 14:30:00+00:00,19.915035247802734
2021-02-25 14:30:00+00:00,19.863061904907227
2021-02-26 14:30:00+00:00,19.2452335357666
2021-03-01 14:30:00+00:00,19.490633010864258
2021-03-02 14:30:00+00:00,19.39391326904297
2021-03-03 14:30:00+00:00,19.527442932128906
2021-03-04 14:30:00+00:00,19.592403411865234
2021-03-05 14:30:00+00:00,19.783672332763672
2021-03-08 14:30:00+00:00,19.562089920043945
2021-03-09 14:30:00+00:00,19.629215240478516
2021-03-10 14:30:00+00:00,19.69561767578125
2021-03-11 14:30:00+00:00,20.030517578125
2021-03-12 14:30:00+00:00,20.132282257080078
2021-03-15 13:30:00+00:00,20.088258743286133
2021-03-16 13:30:00+00:00,20.078155517578125
2021-03-17 13:30:00+00:00,20.231889724731445
2021-03-18 13:30:00+00:00,19.83563995361328
2021-03-19 13:30:00+00:00,19.951122283935547
2021-03-22 13:30:00+00:00,19.876779556274414
2021-03-23 13:30:00+00:00,19.45093536376953
2021-03-24 13:30:00+00:00,19.416288375854492
2021-03-25 13:30:00+00:00,19.46970558166504
2021-03-26 13:30:00+00:00,19.774290084838867
2021-03-29 13:30:00+00:00,19.82769775390625
2021-03-30 13:30:00+00:00,19.68406867980957
2021-03-31 13:30:00+00:00,19.80677032470703
2021-04-01 13:30:00+00:00,19.834190368652344
2021-04-05 13:30:00+00:00,20.01463508605957
2021-04-06 13:30:00+00:00,19.956892013549805
2021-04-07 13:30:00+00:00,19.935962677001953
2021-04-08 13:30:00+00:00,19.950401306152344
2021-04-09 13:30:00+00:00,20.00092124938965
2021-04-12 13:30:00+00:00,19.995149612426758
2021-04-13 13:30:00+00:00,20.00741958618164
2021-04-14 13:30:00+00:00,20.10630226135254
2021-04-15 13:30:00+00:00,20.086095809936523
2021-04-16 13:30:00+00:00,20.195079803466797
2021-04-19 13:30:00+00:00,20.47368049621582
2021-04-20 13:30:00+00:00,19.972776412963867
2021-04-21 13:30:00+00:00,20.060829162597656
2021-04-22 13:30:00+00:00,19.95833969116211
2021-04-23 13:30:00+00:00,20.225391387939453
2021-04-26 13:30:00+00:00,20.17992401123047
2021-04-27 13:30:00+00:00,20.310562133789062
2021-04-28 13:30:00+00:00,20.315610885620117
2021-04-29 13:30:00+00:00,20.434711456298828
2021-04-30 13:30:00+00:00,20.25137710571289
2021-05-03 13:30:00+00:00,20.34160041809082
2021-05-04 13:30:00+00:00,20.184974670410156
2021-05-05 13:30:00+00:00,20.411611557006836
2021-05-06 13:30:00+00:00,20.332216262817383
2021-05-07 13:30:00+00:00,20.613704681396484
2021-05-10 13:30:00+00:00,20.592056274414062
2021-05-11 13:30:00+00:00,20.408723831176758
2021-05-12 13:30:00+00:00,20.115684509277344
2021-05-13 13:30:00+00:00,20.1301212310791
2021-05-14 13:30:00+00:00,20.620925903320312
2021-05-17 13:30:00+00:00,20.649797439575195
2021-05-18 13:30:00+00:00,20.628141403198242
2021-05-19 13:30:00+00:00,20.31273078918457
2021-05-20 13:30:00+00:00,20.404394149780273
2021-05-21 13:30:00+00:00,20.459247589111328
2021-05-24 13:30:00+00:00,20.662063598632812
2021-05-25 13:30:00+00:00,20.683717727661133
2021-05-26 13:30:00+00:00,20.685882568359375
2021-05-27 13:30:00+00:00,20.84467124938965
2021-05-28 13:30:00+00:00,20.836732864379883
2021-06-01 13:30:00+00:00,20.62525177001953
2021-06-02 13:30:00+00:00,20.79775619506836
2021-06-03 13:30:00+00:00,20.71042251586914
2021-06-04 13:30:00+00:00,20.830236434936523
2021-06-07 13:30:00+00:00,20.77971076965332
2021-06-08 13:30:00+00:00,20.81941032409668
2021-06-09 13:30:00+00:00,20.982526779174805
2021-06-10 13:30:00+00:00,20.911792755126953
2021-06-11 13:30:00+00:00,20.864883422851562
2021-06-14 13:30:00+00:00,20.859106063842773
2021-06-15 13:30:00+00:00,21.015727996826172
2021-06-16 13:30:00+00:00,20.732074737548828
2021-06-17 13:30:00+00:00,20.449861526489258
2021-06-18 13:30:00+00:00,20.284578323364258
2021-06-21 13:30:00+00:00,20.50543785095215
2021-06-22 13:30:00+00:00,20.58844566345215
2021-06-23 13:30:00+00:00,20.548744201660156
2021-06-24 13:30:00+00:00,20.725576400756836
2021-06-25 13:30:00+00:00,20.693099975585938
2021-06-28 13:30:00+00:00,20.553075790405273
2021-06-29 13:30:00+00:00,20.563901901245117
2021-06-30 13:30:00+00:00,20.56534767150879
2021-07-01 13:30:00+00:00,20.71836280822754
2021-07-02 13:30:00+00:00,20.87714958190918
2021-07-06 13:30:00+00:00,20.646907806396484
2021-07-07 13:30:00+00:00,20.59132957458496
2021-07-08 13:30:00+00:00,20.426769256591797
2021-07-09 13:30:00+00:00,20.61009407043457
2021-07-12 13:30:00+00:00,20.75084114074707
2021-07-13 13:30:00+00:00,20.644020080566406
2021-07-14 13:30:00+00:00,20.670726776123047
2021-07-15 13:30:00+00:00,20.551633834838867
2021-07-16 13:30:00+00:00,20.512659072875977
2021-07-19 13:30:00+00:00,19.956892013549805
2021-07-20 13:30:00+00:00,20.13300895690918
2021-07-21 13:30:00+00:00,20.494613647460938
2021-07-22 13:30:00+00:00,20.584835052490234
2021-07-23 13:30:00+00:00,20.69670867919922
2021-07-26 13:30:00+00:00,20.714752197265625
2021-07-27 13:30:00+00:00,20.58122444152832
2021-07-28 13:30:00+00:00,20.682273864746094
2021-07-29 13:30:00+00:00,20.70392608642578
2021-07-30 13:30:00+00:00,20.717641830444336
2021-08-02 13:30:00+00:00,20.685882568359375
2021-08-03 13:30:00+00:00,20.678665161132812
2021-08-04 13:30:00+00:00,20.44481086730957
2021-08-05 13:30:00+00:00,20.506160736083984
2021-08-06 13:30:00+00:00,20.323556900024414
2021-08-09 13:30:00+00:00,20.036293029785156
2021-08-10 13:30:00+00:00,20.17775535583496
2021-08-11 13:30:00+00:00,20.17703628540039
2021-08-12 13:30:00+00:00,20.244882583618164
2021-08-13 13:30:00+00:00,20.268699645996094
2021-08-16 13:30:00+00:00,20.408723831176758
2021-08-17 13:30:00+00:00,20.136615753173828
2021-08-18 13:30:00+00:00,19.860898971557617
2021-08-19 13:30:00+00:00,19.974939346313477
2021-08-20 13:30:00+00:00,20.078872680664062
2021-08-23 13:30:00+00:00,20.28746795654297
2021-08-24 13:30:00+00:00,20.238388061523438
2021-08-25 13:30:00+00:00,20.293962478637695
2021-08-26 13:30:00+00:00,20.213123321533203
2021-08-27 13:30:00+00:00,20.332216262817383
2021-08-30 13:30:00+00:00,20.361085891723633
2021-08-31 13:30:00+00:00,20.169816970825195
2021-09-01 13:30:00+00:00,20.654123306274414
2021-09-02 13:30:00+00:00,20.34737205505371
2021-09-03 13:30:00+00:00,20.418827056884766
2021-09-07 13:30:00+00:00,20.441205978393555
2021-09-08 13:30:00+00:00,20.375520706176758
2021-09-09 13:30:00+00:00,20.443368911743164
2021-09-10 13:30:00+00:00,20.13950538635254
2021-09-13 13:30:00+00:00,20.291074752807617
2021-09-14 13:30:00+00:00,20.27158546447754
2021-09-15 13:30:00+00:00,20.395008087158203
2021-09-16 13:30:00+00:00,20.47368049621582
2021-09-17 13:30:00+00:00,20.18208885192871
2021-09-20 13:30:00+00:00,20.034122467041016
2021-09-21 13:30:00+00:00,20.003808975219727
2021-09-22 13:30:00+00:00,20.176315307617188
2021-09-23 13:30:00+00:00,20.202295303344727
2021-09-24 13:30:00+00:00,20.204463958740234
2021-09-27 13:30:00+00:00,20.105581283569336
2021-09-28 13:30:00+00:00,19.90997886657715
2021-09-29 13:30:00+00:00,20.065160751342773
2021-09-30 13:30:00+00:00,20.14238739013672
2021-10-01 13:30:00+00:00,20.08681297302246
2021-10-04 13:30:00+00:00,19.95978355407715
2021-10-05 13:30:00+00:00,20.0803165435791
2021-10-06 13:30:00+00:00,20.072378158569336
2021-10-07 13:30:00+00:00,20.053613662719727
2021-10-08 13:30:00+00:00,20.1878604888916
2021-10-11 13:30:00+00:00,20.256427764892578
2021-10-12 13:30:00+00:00,20.167652130126953
2021-10-13 13:30:00+00:00,20.223953247070312
2021-10-14 13:30:00+00:00,20.38850975036621
2021-10-15 13:30:00+00:00,20.55596351623535
2021-10-18 13:30:00+00:00,20.426044464111328
2021-10-19 13:30:00+00:00,20.583393096923828
2021-10-20 13:30:00+00:00,20.654844284057617
2021-10-21 13:30:00+00:00,20.72990608215332
2021-10-22 13:30:00+00:00,20.70103645324707
2021-10-25 13:30:00+00:00,20.77971076965332
2021-10-26 13:30:00+00:00,20.78981590270996
2021-10-27 13:30:00+00:00,20.67216682434082
2021-10-28 13:30:00+00:00,20.664230346679688
2021-10-29 13:30:00+00:00,20.9818058013916
2021-11-01 13:30:00+00:00,21.014286041259766
2021-11-02 13:30:00+00:00,20.937782287597656
2021-11-03 13:30:00+00:00,20.783323287963867
2021-11-04 13:30:00+00:00,20.613704681396484
2021-11-05 13:30:00+00:00,20.913240432739258
2021-11-08 14:30:00+00:00,20.867767333984375
2021-11-09 14:30:00+00:00,21.017892837524414
2021-11-10 14:30:00+00:00,20.95654296875
2021-11-11 14:30:00+00:00,20.952938079833984
2021-11-12 14:30:00+00:00,20.98902702331543
2021-11-15 14:30:00+00:00,21.068418502807617
2021-11-16 14:30:00+00:00,21.173078536987305
2021-11-17 14:30:00+00:00,20.87643051147461
2021-11-18 14:30:00+00:00,21.003463745117188
2021-11-19 14:30:00+00:00,20.707534790039062
2021-11-22 14:30:00+00:00,20.892305374145508
2021-11-23 14:30:00+00:00,21.122549057006836
2021-11-24 14:30:00+00:00,21.064809799194336
2021-11-26 14:30:00+00:00,20.195079803466797
2021-11-29 14:30:00+00:00,20.126510620117188
2021-11-30 14:30:00+00:00,20.483787536621094
2021-12-01 14:30:00+00:00,19.866674423217773
2021-12-02 14:30:00+00:00,19.865230560302734
2021-12-03 14:30:00+00:00,19.960506439208984
2021-12-06 14:30:00+00:00,19.974939346313477
2021-12-07 14:30:00+00:00,20.274473190307617
2021-12-08 14:30:00+00:00,20.33582305908203
2021-12-09 14:30:00+00:00,20.238388061523438
2021-12-10 14:30:00+00:00,20.24199676513672
2021-12-13 14:30:00+00:00,20.245601654052734
2021-12-14 14:30:00+00:00,20.281694412231445
2021-12-15 14:30:00+00:00,20.389957427978516
2021-12-16 14:30:00+00:00,20.397174835205078
2021-12-17 14:30:00+00:00,20.269420623779297
2021-12-20 14:30:00+00:00,20.211679458618164
2021-12-21 14:30:00+00:00,20.34304428100586
2021-12-22 14:30:00+00:00,20.17053985595703
2021-12-23 14:30:00+00:00,20.326440811157227
2021-12-27 14:30:00+00:00,20.513381958007812
2021-12-28 14:30:00+00:00,20.823020935058594
2021-12-29 14:30:00+00:00,20.389957427978516
2021-12-30 14:30:00+00:00,20.602842330932617
2021-12-31 14:30:00+00:00,20.568557739257812
2022-01-03 14:30:00+00:00,20.754335403442383
2022-01-04 14:30:00+00:00,20.596466064453125
2022-01-05 14:30:00+00:00,20.555002212524414
2022-01-06 14:30:00+00:00,20.642709732055664
2022-01-07 14:30:00+00:00,20.770280838012695
2022-01-10 14:30:00+00:00,20.460121154785156
2022-01-11 14:30:00+00:00,20.456933975219727
2022-01-12 14:30:00+00:00,20.360454559326172
2022-01-13 14:30:00+00:00,20.211355209350586
2022-01-14 14:30:00+00:00,20.494407653808594
2022-01-18 14:30:00+00:00,20.81014633178711
2022-01-19 14:30:00+00:00,20.754335403442383
2022-01-20 14:30:00+00:00,20.81014633178711
2022-01-21 14:30:00+00:00,20.539058685302734
2022-01-24 14:30:00+00:00,20.444175720214844
2022-01-25 14:30:00+00:00,20.650684356689453
2022-01-26 14:30:00+00:00,20.77825355529785
2022-01-27 14:30:00+00:00,20.770280838012695
2022-01-28 14:30:00+00:00,20.929744720458984
2022-01-31 14:30:00+00:00,20.650684356689453
2022-02-01 14:30:00+00:00,20.658655166625977
2022-02-02 14:30:00+00:00,20.684968948364258
2022-02-03 14:30:00+00:00,20.706493377685547
2022-02-04 14:30:00+00:00,20.937719345092773
2022-02-07 14:30:00+00:00,20.69852066040039
2022-02-08 14:30:00+00:00,20.626760482788086
2022-02-09 14:30:00+00:00,20.802175521850586
2022-02-10 14:30:00+00:00,20.850011825561523
2022-02-11 14:30:00+00:00,21.304485321044922
2022-02-14 14:30:00+00:00,21.36029815673828
2022-02-15 14:30:00+00:00,21.03339385986328
2022-02-16 14:30:00+00:00,21.009479522705078
2022-02-17 14:30:00+00:00,20.794198989868164
2022-02-18 14:30:00+00:00,20.81014633178711
2022-02-22 14:30:00+00:00,20.961641311645508
2022-02-23 14:30:00+00:00,21.08921241760254
2022-02-24 14:30:00+00:00,21.400165557861328
2022-02-25 14:30:00+00:00,21.368270874023438
2022-02-28 14:30:00+00:00,21.29252815246582
2022-03-01 14:30:00+00:00,21.735042572021484
2022-03-02 14:30:00+00:00,21.927993774414062
2022-03-03 14:30:00+00:00,21.87856101989746
2022-03-04 14:30:00+00:00,21.75098991394043
2022-03-07 14:30:00+00:00,22.413564682006836
2022-03-08 14:30:00+00:00,22.667909622192383
2022-03-09 14:30:00+00:00,22.173568725585938
2022-03-10 14:30:00+00:00,22.352968215942383
2022-03-11 14:30:00+00:00,22.484525680541992
2022-03-14 13:30:00+00:00,22.380874633789062
2022-03-15 13:30:00+00:00,22.1496524810791
2022-03-16 13:30:00+00:00,21.862613677978516
2022-03-17 13:30:00+00:00,22.03244400024414
2022-03-18 13:30:00+00:00,22.038026809692383
2022-03-21 13:30:00+00:00,22.7061824798584
2022-03-22 13:30:00+00:00,23.21806526184082
2022-03-23 13:30:00+00:00,23.441316604614258
2022-03-24 13:30:00+00:00,23.162248611450195
2022-03-25 13:30:00+00:00,23.438922882080078
2022-03-28 13:30:00+00:00,23.302583694458008
2022-03-29 13:30:00+00:00,23.171024322509766
2022-03-30 13:30:00+00:00,23.058597564697266
2022-03-31 13:30:00+00:00,22.797874450683594
2022-04-01 13:30:00+00:00,23.00278663635254
2022-04-04 13:30:00+00:00,23.271486282348633
2022-04-05 13:30:00+00:00,23.53699493408203
2022-04-06 13:30:00+00:00,23.513071060180664
2022-04-07 13:30:00+00:00,23.60955238342285
2022-04-08 13:30:00+00:00,23.80010986328125
2022-04-11 13:30:00+00:00,23.95160484313965
2022-04-12 13:30:00+00:00,24.08555030822754
2022-04-13 13:30:00+00:00,24.278507232666016
2022-04-14 13:30:00+00:00,24.477834701538086
2022-04-18 13:30:00+00:00,24.73297882080078
2022-04-19 13:30:00+00:00,24.98174285888672
2022-04-20 13:30:00+00:00,24.557567596435547
2022-04-21 13:30:00+00:00,24.892446517944336
2022-04-22 13:30:00+00:00,24.828657150268555
2022-04-25 13:30:00+00:00,24.549596786499023
2022-04-26 13:30:00+00:00,24.565542221069336
2022-04-27 13:30:00+00:00,24.796764373779297
2022-04-28 13:30:00+00:00,25.287118911743164
2022-04-29 13:30:00+00:00,25.211374282836914
2022-05-02 13:30:00+00:00,25.76152801513672
2022-05-03 13:30:00+00:00,25.29907989501953
2022-05-04 13:30:00+00:00,25.024799346923828
2022-05-05 13:30:00+00:00,25.450572967529297
2022-05-06 13:30:00+00:00,25.825315475463867
2022-05-09 13:30:00+00:00,25.490436553955078
2022-05-10 13:30:00+00:00,25.259214401245117
2022-05-11 13:30:00+00:00,25.400341033935547
2022-05-12 13:30:00+00:00,25.289508819580078
2022-05-13 13:30:00+00:00,25.61800765991211
2022-05-16 13:30:00+00:00,25.77747344970703
2022-05-17 13:30:00+00:00,25.434621810913086
2022-05-18 13:30:00+00:00,25.434621810913086
2022-05-19 13:30:00+00:00,25.211374282836914
2022-05-20 13:30:00+00:00,25.171506881713867
2022-05-23 13:30:00+00:00,25.067859649658203
2022-05-24 13:30:00+00:00,24.8446044921875
2022-05-25 13:30:00+00:00,24.908390045166016
2022-05-26 13:30:00+00:00,24.932308197021484
2022-05-27 13:30:00+00:00,24.820682525634766
2022-05-31 13:30:00+00:00,24.964200973510742
2022-06-01 13:30:00+00:00,25.39476203918457
2022-06-02 13:30:00+00:00,25.307052612304688
2022-06-03 13:30:00+00:00,25.625980377197266
2022-06-06 13:30:00+00:00,25.81734275817871
2022-06-07 13:30:00+00:00,25.73760414123535
2022-06-08 13:30:00+00:00,26.072486877441406
2022-06-09 13:30:00+00:00,26.168163299560547
2022-06-10 13:30:00+00:00,26.22397232055664
2022-06-13 13:30:00+00:00,26.574798583984375
2022-06-14 13:30:00+00:00,26.55885124206543
2022-06-15 13:30:00+00:00,26.080453872680664
2022-06-16 13:30:00+00:00,26.01667022705078
2022-06-17 13:30:00+00:00,26.03261947631836
2022-06-21 13:30:00+00:00,26.287761688232422
2022-06-22 13:30:00+00:00,25.84922981262207
2022-06-23 13:30:00+00:00,25.570167541503906
2022-06-24 13:30:00+00:00,25.514358520507812
2022-06-27 13:30:00+00:00,25.689767837524414
2022-06-28 13:30:00+00:00,25.920991897583008
2022-06-29 13:30:00+00:00,26.040590286254883
2022-06-30 13:30:00+00:00,25.83328628540039
2022-07-01 13:30:00+00:00,25.641931533813477
2022-07-05 13:30:00+00:00,25.578142166137695
2022-07-06 13:30:00+00:00,25.602060317993164
2022-07-07 13:30:00+00:00,25.681793212890625
2022-07-08 13:30:00+00:00,25.76152801513672
2022-07-11 13:30:00+00:00,25.936935424804688
2022-07-12 13:30:00+00:00,25.673818588256836
2022-07-13 13:30:00+00:00,25.825315475463867
2022-07-14 13:30:00+00:00,26.01667022705078
2022-07-15 13:30:00+00:00,25.81734275817871
2022-07-18 13:30:00+00:00,25.984771728515625
2022-07-19 13:30:00+00:00,25.76152801513672
2022-07-20 13:30:00+00:00,25.88112449645996
2022-07-21 13:30:00+00:00,25.50638771057129
2022-07-22 13:30:00+00:00,25.251239776611328
2022-07-25 13:30:00+00:00,25.370838165283203
2022-07-26 13:30:00+00:00,25.602060317993164
2022-07-27 13:30:00+00:00,25.33097267150879
2022-07-28 13:30:00+00:00,25.051910400390625
2022-07-29 13:30:00+00:00,24.908390045166016
2022-08-01 13:30:00+00:00,24.61338233947754
2022-08-02 13:30:00+00:00,24.908390045166016
2022-08-03 13:30:00+00:00,25.051910400390625
2022-08-04 13:30:00+00:00,24.669193267822266
2022-08-05 13:30:00+00:00,24.95623207092285
2022-08-08 13:30:00+00:00,25.091773986816406
2022-08-09 13:30:00+00:00,25.091773986816406
2022-08-10 13:30:00+00:00,24.693113327026367
2022-08-11 13:30:00+00:00,24.860549926757812
2022-08-12 13:30:00+00:00,24.73297882080078
2022-08-15 13:30:00+00:00,24.836631774902344
2022-08-16 13:30:00+00:00,24.860549926757812
2022-08-17 13:30:00+00:00,24.932308197021484
2022-08-18 13:30:00+00:00,25.1475887298584
2022-08-19 13:30:00+00:00,25.378812789916992
2022-08-22 13:30:00+00:00,25.434621810913086
2022-08-23 13:30:00+00:00,25.45854377746582
2022-08-24 13:30:00+00:00,25.434621810913086
2022-08-25 13:30:00+00:00,25.219348907470703
2022-08-26 13:30:00+00:00,25.338943481445312
2022-08-29 13:30:00+00:00,25.450572967529297
2022-08-30 13:30:00+00:00,25.562198638916016
2022-08-31 13:30:00+00:00,25.58611297607422
2022-09-01 13:30:00+00:00,25.992748260498047
2022-09-02 13:30:00+00:00,25.96883201599121
2022-09-06 13:30:00+00:00,26.303709030151367
2022-09-07 13:30:00+00:00,26.120323181152344
2022-09-08 13:30:00+00:00,26.22397232055664
2022-09-09 13:30:00+00:00,26.136266708374023
2022-09-12 13:30:00+00:00,25.88909912109375
2022-09-13 13:30:00+00:00,26.287761688232422
2022-09-14 13:30:00+00:00,26.25587272644043
2022-09-15 13:30:00+00:00,26.319656372070312
2022-09-16 13:30:00+00:00,26.239917755126953
2022-09-19 13:30:00+00:00,26.303709030151367
2022-09-20 13:30:00+00:00,26.487089157104492
2022-09-21 13:30:00+00:00,26.630611419677734
2022-09-22 13:30:00+00:00,26.686420440673828
2022-09-23 13:30:00+00:00,26.98143196105957
2022-09-26 13:30:00+00:00,27.364145278930664
2022-09-27 13:30:00+00:00,27.555505752563477
2022-09-28 13:30:00+00:00,26.965486526489258
2022-09-29 13:30:00+00:00,26.99737548828125
2022-09-30 13:30:00+00:00,27.061166763305664
2022-10-03 13:30:00+00:00,26.742231369018555
2022-10-04 13:30:00+00:00,26.247894287109375
2022-10-05 13:30:00+00:00,26.503042221069336
2022-10-06 13:30:00+00:00,26.806020736694336
2022-10-07 13:30:00+00:00,27.085081100463867
2022-10-10 13:30:00+00:00,27.30035972595215
2022-10-11 13:30:00+00:00,27.364145278930664
2022-10-12 13:30:00+00:00,27.30035972595215
2022-10-13 13:30:00+00:00,27.276443481445312
2022-10-14 13:30:00+00:00,27.555505752563477
2022-10-17 13:30:00+00:00,27.21265411376953
2022-10-18 13:30:00+00:00,27.109004974365234
2022-10-19 13:30:00+00:00,27.58739471435547
2022-10-20 13:30:00+00:00,27.7388858795166
2022-10-21 13:30:00+00:00,27.451852798461914
2022-10-24 13:30:00+00:00,27.603342056274414
2022-10-25 13:30:00+00:00,27.260496139526367
2022-10-26 13:30:00+00:00,26.885753631591797
2022-10-27 13:30:00+00:00,26.9575138092041
2022-10-28 13:30:00+00:00,27.12495231628418
2022-10-31 13:30:00+00:00,27.32428550720215
2022-11-01 13:30:00+00:00,27.156843185424805
2022-11-02 13:30:00+00:00,27.396039962768555
2022-11-03 13:30:00+00:00,27.5634765625
2022-11-04 13:30:00+00:00,27.244544982910156
2022-11-07 14:30:00+00:00,27.276443481445312
2022-11-08 14:30:00+00:00,26.869808197021484
2022-11-09 14:30:00+00:00,26.965486526489258
2022-11-10 14:30:00+00:00,25.91301918029785
2022-11-11 14:30:00+00:00,25.52232551574707
2022-11-14 14:30:00+00:00,25.61800765991211
2022-11-15 14:30:00+00:00,25.362865447998047
2022-11-16 14:30:00+00:00,25.17947769165039
2022-11-17 14:30:00+00:00,25.370838165283203
2022-11-18 14:30:00+00:00,25.498411178588867
2022-11-21 14:30:00+00:00,25.633955001831055
2022-11-22 14:30:00+00:00,25.46651840209961
2022-11-23 14:30:00+00:00,25.171506881713867
2022-11-25 14:30:00+00:00,25.1475887298584
2022-11-28 14:30:00+00:00,25.243263244628906
2022-11-29 14:30:00+00:00,25.29907989501953
2022-11-30 14:30:00+00:00,24.908390045166016
2022-12-01 14:30:00+00:00,24.64527130126953
2022-12-02 14:30:00+00:00,24.565542221069336
2022-12-05 14:30:00+00:00,24.812711715698242
2022-12-06 14:30:00+00:00,24.796764373779297
2022-12-07 14:30:00+00:00,24.589462280273438
2022-12-08 14:30:00+00:00,24.565542221069336
2022-12-09 14:30:00+00:00,24.74892807006836
2022-12-12 14:30:00+00:00,24.71703338623047
2022-12-13 14:30:00+00:00,24.517702102661133
2022-12-14 14:30:00+00:00,24.46986198425293
2022-12-15 14:30:00+00:00,24.461889266967773
2022-12-16 14:30:00+00:00,24.637300491333008
2022-12-19 14:30:00+00:00,24.62932777404785
2022-12-20 14:30:00+00:00,24.788793563842773
2022-12-21 14:30:00+00:00,24.685138702392578
2022-12-22 14:30:00+00:00,24.85257911682129
2022-12-23 14:30:00+00:00,24.828657150268555
2022-12-27 14:30:00+00:00,24.8685245513916
2022-12-28 14:30:00+00:00,25.080753326416016
2022-12-29 14:30:00+00:00,24.943279266357422
2022-12-30 14:30:00+00:00,25.01201629638672
2023-01-03 14:30:00+00:00,24.951868057250977
2023-01-04 14:30:00+00:00,24.762840270996094
2023-01-05 14:30:00+00:00,24.805801391601562
2023-01-06 14:30:00+00:00,24.48788833618164
2023-01-09 14:30:00+00:00,24.462114334106445
2023-01-10 14:30:00+00:00,24.573810577392578
2023-01-11 14:30:00+00:00,24.41914939880371
2023-01-12 14:30:00+00:00,24.367595672607422
2023-01-13 14:30:00+00:00,24.401966094970703
2023-01-17 14:30:00+00:00,24.470703125
2023-01-18 14:30:00+00:00,24.307453155517578
2023-01-19 14:30:00+00:00,24.470703125
2023-01-20 14:30:00+00:00,24.453521728515625
2023-01-23 14:30:00+00:00,24.453521728515625
2023-01-24 14:30:00+00:00,24.44492530822754
2023-01-25 14:30:00+00:00,24.42774200439453
2023-01-26 14:30:00+00:00,24.470703125
2023-01-27 14:30:00+00:00,24.41914939880371
2023-01-30 14:30:00+00:00,24.41914939880371
2023-01-31 14:30:00+00:00,24.204345703125
2023-02-01 14:30:00+00:00,24.298858642578125
2023-02-02 14:30:00+00:00,24.16138458251953
2023-02-03 14:30:00+00:00,24.178565979003906
2023-02-06 14:30:00+00:00,24.264490127563477
2023-02-07 14:30:00+00:00,24.42774200439453
2023-02-08 14:30:00+00:00,24.238712310791016
2023-02-09 14:30:00+00:00,24.384780883789062
2023-02-10 14:30:00+00:00,24.290266036987305
2023-02-13 14:30:00+00:00,24.401966094970703
2023-02-14 14:30:00+00:00,24.573810577392578
2023-02-15 14:30:00+00:00,24.530851364135742
2023-02-16 14:30:00+00:00,24.59099578857422
2023-02-17 14:30:00+00:00,24.52225685119629
2023-02-21 14:30:00+00:00,24.54803466796875
2023-02-22 14:30:00+00:00,24.462114334106445
2023-02-23 14:30:00+00:00,24.341821670532227
2023-02-24 14:30:00+00:00,24.47929573059082
2023-02-27 14:30:00+00:00,24.60818099975586
2023-02-28 14:30:00+00:00,24.384780883789062
2023-03-01 14:30:00+00:00,24.58240509033203
2023-03-02 14:30:00+00:00,24.67691993713379
2023-03-03 14:30:00+00:00,24.530851364135742
2023-03-06 14:30:00+00:00,24.685510635375977
2023-03-07 14:30:00+00:00,24.3590087890625
2023-03-08 14:30:00+00:00,24.42774200439453
2023-03-09 14:30:00+00:00,24.21293830871582
2023-03-10 14:30:00+00:00,23.474002838134766
2023-03-13 13:30:00+00:00,22.760847091674805
2023-03-14 13:30:00+00:00,23.250606536865234
2023-03-15 13:30:00+00:00,22.417158126831055
2023-03-16 13:30:00+00:00,22.69211196899414
2023-03-17 13:30:00+00:00,22.25390625
2023-03-20 13:30:00+00:00,22.528854370117188
2023-03-21 13:30:00+00:00,22.769441604614258
2023-03-22 13:30:00+00:00,22.417158126831055
2023-03-23 13:30:00+00:00,22.305458068847656
2023-03-24 13:30:00+00:00,22.082063674926758
2023-03-27 13:30:00+00:00,22.64055633544922
2023-03-28 13:30:00+00:00,22.6319637298584
2023-03-29 13:30:00+00:00,22.769441604614258
2023-03-30 13:30:00+00:00,22.7866268157959
2023-03-31 13:30:00+00:00,22.597597122192383
2023-04-03 13:30:00+00:00,22.468708038330078
2023-04-04 13:30:00+00:00,22.34842300415039
2023-04-05 13:30:00+00:00,22.21094512939453
2023-04-06 13:30:00+00:00,22.202354431152344
2023-04-10 13:30:00+00:00,22.442935943603516
2023-04-11 13:30:00+00:00,22.468708038330078
2023-04-12 13:30:00+00:00,22.571821212768555
2023-04-13 13:30:00+00:00,22.64055633544922
2023-04-14 13:30:00+00:00,22.769441604614258
2023-04-17 13:30:00+00:00,22.898326873779297
2023-04-18 13:30:00+00:00,22.924100875854492
2023-04-19 13:30:00+00:00,22.889732360839844
2023-04-20 13:30:00+00:00,22.855361938476562
2023-04-21 13:30:00+00:00,22.855361938476562
2023-04-24 13:30:00+00:00,22.889732360839844
2023-04-25 13:30:00+00:00,22.614778518676758
2023-04-26 13:30:00+00:00,22.657743453979492
2023-04-27 13:30:00+00:00,22.82529067993164
2023-04-28 13:30:00+00:00,22.82099151611328
2023-05-01 13:30:00+00:00,23.044391632080078
2023-05-02 13:30:00+00:00,22.872547149658203
2023-05-03 13:30:00+00:00,22.7866268157959
2023-05-04 13:30:00+00:00,22.717885971069336
2023-05-05 13:30:00+00:00,22.838176727294922
2023-05-08 13:30:00+00:00,22.855361938476562
2023-05-09 13:30:00+00:00,22.958467483520508
2023-05-10 13:30:00+00:00,22.760847091674805
2023-05-11 13:30:00+00:00,22.70929718017578
2023-05-12 13:30:00+00:00,22.838176727294922
2023-05-15 13:30:00+00:00,22.98424530029297
2023-05-16 13:30:00+00:00,22.863954544067383
2023-05-17 13:30:00+00:00,22.941287994384766
2023-05-18 13:30:00+00:00,22.949878692626953
2023-05-19 13:30:00+00:00,23.00143051147461
2023-05-22 13:30:00+00:00,23.05298614501953
2023-05-23 13:30:00+00:00,23.00143051147461
2023-05-24 13:30:00+00:00,22.855361938476562
2023-05-25 13:30:00+00:00,22.949878692626953
2023-05-26 13:30:00+00:00,23.044391632080078
2023-05-30 13:30:00+00:00,23.07876205444336
2023-05-31 13:30:00+00:00,22.949878692626953
2023-06-01 13:30:00+00:00,22.91550636291504
2023-06-02 13:30:00+00:00,22.97565460205078
2023-06-05 13:30:00+00:00,22.889732360839844
2023-06-06 13:30:00+00:00,22.941287994384766
2023-06-07 13:30:00+00:00,23.018613815307617
2023-06-08 13:30:00+00:00,22.958467483520508
2023-06-09 13:30:00+00:00,23.061574935913086
2023-06-12 13:30:00+00:00,23.199054718017578
2023-06-13 13:30:00+00:00,23.26778793334961
2023-06-14 13:30:00+00:00,23.18186378479004
2023-06-15 13:30:00+00:00,23.259199142456055
2023-06-16 13:30:00+00:00,23.48259735107422
2023-06-20 13:30:00+00:00,23.405263900756836
2023-06-21 13:30:00+00:00,23.448226928710938
2023-06-22 13:30:00+00:00,23.628664016723633
2023-06-23 13:30:00+00:00,23.628664016723633
2023-06-26 13:30:00+00:00,23.654443740844727
2023-06-27 13:30:00+00:00,23.731773376464844
2023-06-28 13:30:00+00:00,23.80051040649414
2023-06-29 13:30:00+00:00,23.80910301208496
2023-06-30 13:30:00+00:00,23.740358352661133
2023-07-03 13:30:00+00:00,23.77473258972168
2023-07-05 13:30:00+00:00,23.7833251953125
2023-07-06 13:30:00+00:00,23.80051040649414
2023-07-07 13:30:00+00:00,23.611478805541992
2023-07-10 13:30:00+00:00,23.559926986694336
2023-07-11 13:30:00+00:00,23.542741775512695
2023-07-12 13:30:00+00:00,23.32793617248535
2023-07-13 13:30:00+00:00,23.259199142456055
2023-07-14 13:30:00+00:00,23.431045532226562
2023-07-17 13:30:00+00:00,23.49118995666504
2023-07-18 13:30:00+00:00,23.525556564331055
2023-07-19 13:30:00+00:00,23.499784469604492
2023-07-20 13:30:00+00:00,23.585704803466797
2023-07-21 13:30:00+00:00,23.611478805541992
2023-07-24 13:30:00+00:00,23.602890014648438
2023-07-25 13:30:00+00:00,23.551334381103516
2023-07-26 13:30:00+00:00,23.585704803466797
2023-07-27 13:30:00+00:00,23.585704803466797
2023-07-28 13:30:00+00:00,23.69740104675293
2023-07-31 13:30:00+00:00,23.654443740844727
2023-08-01 13:30:00+00:00,23.81769371032715
2023-08-02 13:30:00+00:00,23.826284408569336
2023-08-03 13:30:00+00:00,23.90361976623535
2023-08-04 13:30:00+00:00,23.66303253173828
2023-08-07 13:30:00+00:00,23.7833251953125
2023-08-08 13:30:00+00:00,23.7833251953125
2023-08-09 13:30:00+00:00,23.77473258972168
2023-08-10 13:30:00+00:00,23.860658645629883
2023-08-11 13:30:00+00:00,24.006725311279297
2023-08-14 13:30:00+00:00,23.920799255371094
2023-08-15 13:30:00+00:00,23.90361976623535
2023-08-16 13:30:00+00:00,23.912206649780273
2023-08-17 13:30:00+00:00,23.912206649780273
2023-08-18 13:30:00+00:00,23.920799255371094
2023-08-21 13:30:00+00:00,24.058277130126953
2023-08-22 13:30:00+00:00,23.989540100097656
2023-08-23 13:30:00+00:00,23.731773376464844
2023-08-24 13:30:00+00:00,23.7833251953125
2023-08-25 13:30:00+00:00,23.877838134765625
2023-08-28 13:30:00+00:00,23.843467712402344
2023-08-29 13:30:00+00:00,23.714584350585938
2023-08-30 13:30:00+00:00,23.834875106811523
2023-08-31 13:30:00+00:00,23.731773376464844
2023-09-01 13:30:00+00:00,23.81769371032715
2023-09-05 13:30:00+00:00,24.041088104248047
2023-09-06 13:30:00+00:00,24.066865921020508
2023-09-07 13:30:00+00:00,23.90361976623535
2023-09-08 13:30:00+00:00,24.015317916870117
2023-09-11 13:30:00+00:00,24.08405303955078
2023-09-12 13:30:00+00:00,24.144197463989258
2023-09-13 13:30:00+00:00,24.11842155456543
2023-09-14 13:30:00+00:00,24.273080825805664
2023-09-15 13:30:00+00:00,24.324634552001953
2023-09-18 13:30:00+00:00,24.324634552001953
2023-09-19 13:30:00+00:00,24.401966094970703
2023-09-20 13:30:00+00:00,24.298858642578125
2023-09-21 13:30:00+00:00,24.453521728515625
2023-09-22 13:30:00+00:00,24.376192092895508
2023-09-25 13:30:00+00:00,24.539440155029297
2023-09-26 13:30:00+00:00,24.642549514770508
2023-09-27 13:30:00+00:00,24.85735511779785
2023-09-28 13:30:00+00:00,24.831579208374023
2023-09-29 13:30:00+00:00,24.831579208374023
2023-10-02 13:30:00+00:00,24.8917236328125
2023-10-03 13:30:00+00:00,25.029199600219727
2023-10-04 13:30:00+00:00,24.702695846557617
2023-10-05 13:30:00+00:00,24.67691993713379
2023-10-06 13:30:00+00:00,24.85735511779785
2023-10-09 13:30:00+00:00,24.625364303588867
2023-10-10 13:30:00+00:00,24.65973472595215
2023-10-11 13:30:00+00:00,24.48788833618164
2023-10-12 13:30:00+00:00,24.668323516845703
2023-10-13 13:30:00+00:00,24.573810577392578
2023-10-16 13:30:00+00:00,24.745649337768555
2023-10-17 13:30:00+00:00,25.054981231689453
2023-10-18 13:30:00+00:00,24.943279266357422
2023-10-19 13:30:00+00:00,25.02060890197754
2023-10-20 13:30:00+00:00,24.85735511779785
2023-10-23 13:30:00+00:00,24.67691993713379
2023-10-24 13:30:00+00:00,24.59099578857422
2023-10-25 13:30:00+00:00,24.82298469543457
2023-10-26 13:30:00+00:00,24.65973472595215
2023-10-27 13:30:00+00:00,24.65973472595215
2023-10-30 13:30:00+00:00,24.59099578857422
2023-10-31 13:30:00+00:00,24.737064361572266
2023-11-01 13:30:00+00:00,24.47929573059082
2023-11-02 13:30:00+00:00,24.290266036987305
2023-11-03 13:30:00+00:00,23.980947494506836
2023-11-06 14:30:00+00:00,24.10123634338379
2023-11-07 14:30:00+00:00,24.032501220703125
2023-11-08 14:30:00+00:00,23.980947494506836
2023-11-09 14:30:00+00:00,24.204345703125
2023-11-10 14:30:00+00:00,24.238712310791016
2023-11-13 14:30:00+00:00,24.264490127563477
2023-11-14 14:30:00+00:00,23.705991744995117
2023-11-15 14:30:00+00:00,23.886428833007812
2023-11-16 14:30:00+00:00,23.680219650268555
2023-11-17 14:30:00+00:00,23.620071411132812
2023-11-20 14:30:00+00:00,23.542741775512695
2023-11-21 14:30:00+00:00,23.551334381103516
2023-11-22 14:30:00+00:00,23.74895668029785
2023-11-24 14:30:00+00:00,23.714584350585938
2023-11-27 14:30:00+00:00,23.559926986694336
2023-11-28 14:30:00+00:00,23.42245101928711
2023-11-29 14:30:00+00:00,23.30216407775879
2023-11-30 14:30:00+00:00,23.448226928710938
2023-12-01 14:30:00+00:00,23.121721267700195
2023-12-04 14:30:00+00:00,23.293567657470703
2023-12-05 14:30:00+00:00,23.104537963867188
2023-12-06 14:30:00+00:00,23.121721267700195
2023-12-07 14:30:00+00:00,22.91550636291504
2023-12-08 14:30:00+00:00,23.164684295654297
2023-12-11 14:30:00+00:00,23.276386260986328
2023-12-12 14:30:00+00:00,23.14750099182129
2023-12-13 14:30:00+00:00,22.98424530029297
2023-12-14 14:30:00+00:00,22.752256393432617
2023-12-15 14:30:00+00:00,22.889732360839844
2023-12-18 14:30:00+00:00,22.872547149658203
2023-12-19 14:30:00+00:00,22.872547149658203
2023-12-20 14:30:00+00:00,22.846769332885742
2023-12-21 14:30:00+00:00,22.7866268157959
2023-12-22 14:30:00+00:00,22.855361938476562
2023-12-26 14:30:00+00:00,22.81239891052246
2023-12-27 14:30:00+00:00,22.83008575439453
2023-12-28 14:30:00+00:00,22.803560256958008
2023-12-29 14:30:00+00:00,22.777034759521484
2024-01-02 14:30:00+00:00,22.83008575439453
2024-01-03 14:30:00+00:00,22.777034759521484
2024-01-04 14:30:00+00:00,22.953874588012695
2024-01-05 14:30:00+00:00,22.874296188354492
2024-01-08 14:30:00+00:00,23.01576805114746
2024-01-09 14:30:00+00:00,23.042295455932617
2024-01-10 14:30:00+00:00,23.25450325012207
2024-01-11 14:30:00+00:00,23.059978485107422
2024-01-12 14:30:00+00:00,23.06882095336914
2024-01-16 14:30:00+00:00,23.21029281616211
2024-01-17 14:30:00+00:00,23.25450325012207
2024-01-18 14:30:00+00:00,23.289873123168945
2024-01-19 14:30:00+00:00,23.325237274169922
2024-01-22 14:30:00+00:00,23.413660049438477
2024-01-23 14:30:00+00:00,23.413660049438477
2024-01-24 14:30:00+00:00,23.33407974243164
2024-01-25 14:30:00+00:00,23.35176658630371
2024-01-26 14:30:00+00:00,23.475549697875977
2024-01-29 14:30:00+00:00,23.502079010009766
2024-01-30 14:30:00+00:00,23.51091766357422
2024-01-31 14:30:00+00:00,23.33407974243164
2024-02-01 14:30:00+00:00,23.555131912231445
2024-02-02 14:30:00+00:00,23.696603775024414
2024-02-05 14:30:00+00:00,23.590497970581055
2024-02-06 14:30:00+00:00,23.599342346191406
2024-02-07 14:30:00+00:00,23.61702537536621
2024-02-08 14:30:00+00:00,23.705446243286133
2024-02-09 14:30:00+00:00,23.776180267333984
2024-02-12 14:30:00+00:00,23.731971740722656
2024-02-13 14:30:00+00:00,23.599342346191406
2024-02-14 14:30:00+00:00,23.731971740722656
2024-02-15 14:30:00+00:00,23.882287979125977
2024-02-16 14:30:00+00:00,23.829233169555664
2024-02-20 14:30:00+00:00,23.652393341064453
2024-02-21 14:30:00+00:00,23.78502082824707
2024-02-22 14:30:00+00:00,24.01491928100586
2024-02-23 14:30:00+00:00,24.076810836791992
2024-02-26 14:30:00+00:00,24.059125900268555
2024-02-27 14:30:00+00:00,24.138700485229492
2024-02-28 14:30:00+00:00,24.085651397705078
2024-02-29 14:30:00+00:00,24.18291664123535
2024-03-01 14:30:00+00:00,24.37744140625
2024-03-04 14:30:00+00:00,24.43048858642578
2024-03-05 14:30:00+00:00,24.20943832397461
2024-03-06 14:30:00+00:00,24.30670166015625
2024-03-07 14:30:00+00:00,24.386281967163086
2024-03-08 14:30:00+00:00,24.09449577331543
2024-03-11 13:30:00+00:00,23.979551315307617
2024-03-12 13:30:00+00:00,24.059125900268555
2024-03-13 13:30:00+00:00,24.359752655029297
2024-03-14 13:30:00+00:00,24.44817543029785
2024-03-15 13:30:00+00:00,24.563121795654297
2024-03-18 13:30:00+00:00,24.713436126708984
2024-03-19 13:30:00+00:00,24.907958984375
2024-03-20 13:30:00+00:00,25.093639373779297
2024-03-21 13:30:00+00:00,25.243955612182617
2024-03-22 13:30:00+00:00,25.146696090698242
2024-03-25 13:30:00+00:00,25.1732234954834
2024-03-26 13:30:00+00:00,25.108314514160156
2024-03-27 13:30:00+00:00,25.14388084411621
2024-03-28 13:30:00+00:00,25.499523162841797
2024-04-01 13:30:00+00:00,25.757362365722656
2024-04-02 13:30:00+00:00,25.6684513092041
2024-04-03 13:30:00+00:00,25.686233520507812
2024-04-04 13:30:00+00:00,25.383939743041992
2024-04-05 13:30:00+00:00,25.748470306396484
2024-04-08 13:30:00+00:00,25.89072608947754
2024-04-09 13:30:00+00:00,25.739580154418945
2024-04-10 13:30:00+00:00,26.228586196899414
2024-04-11 13:30:00+00:00,26.388626098632812
2024-04-12 13:30:00+00:00,26.024093627929688
2024-04-15 13:30:00+00:00,26.35306167602539
2024-04-16 13:30:00+00:00,26.290822982788086
2024-04-17 13:30:00+00:00,25.89072608947754
2024-04-18 13:30:00+00:00,25.97963523864746
2024-04-19 13:30:00+00:00,26.015201568603516
2024-04-22 13:30:00+00:00,25.988529205322266
2024-04-23 13:30:00+00:00,26.193017959594727
2024-04-24 13:30:00+00:00,26.21080780029297
2024-04-25 13:30:00+00:00,26.219694137573242
2024-04-26 13:30:00+00:00,26.859848022460938
2024-04-29 13:30:00+00:00,26.48642921447754
2024-04-30 13:30:00+00:00,26.61090087890625
2024-05-01 13:30:00+00:00,26.36195182800293
2024-05-02 13:30:00+00:00,25.846269607543945
2024-05-03 13:30:00+00:00,25.766252517700195
2024-05-06 13:30:00+00:00,25.926292419433594
2024-05-07 13:30:00+00:00,26.077438354492188
2024-05-08 13:30:00+00:00,26.18412971496582
2024-05-09 13:30:00+00:00,26.317495346069336
2024-05-10 13:30:00+00:00,26.299715042114258
2024-05-13 13:30:00+00:00,26.40640640258789
2024-05-14 13:30:00+00:00,26.34416961669922
2024-05-15 13:30:00+00:00,26.104110717773438
2024-05-16 13:30:00+00:00,26.17523765563965
2024-05-17 13:30:00+00:00,26.415298461914062
2024-05-20 13:30:00+00:00,26.584226608276367
2024-05-21 13:30:00+00:00,26.5308837890625
2024-05-22 13:30:00+00:00,26.39751625061035
2024-05-23 13:30:00+00:00,26.33527946472168
2024-05-24 13:30:00+00:00,26.388626098632812
2024-05-28 13:30:00+00:00,26.673139572143555
2024-05-29 13:30:00+00:00,26.59311866760254
2024-05-30 13:30:00+00:00,26.39751625061035
2024-05-31 13:30:00+00:00,26.35306167602539
2024-06-03 13:30:00+00:00,26.113006591796875
2024-06-04 13:30:00+00:00,25.686233520507812
2024-06-05 13:30:00+00:00,25.970746994018555
2024-06-06 13:30:00+00:00,26.032983779907227
2024-06-07 13:30:00+00:00,26.246370315551758
2024-06-10 13:30:00+00:00,26.477537155151367
2024-06-11 13:30:00+00:00,26.40640640258789
2024-06-12 13:30:00+00:00,26.317495346069336
2024-06-13 13:30:00+00:00,26.13967514038086
2024-06-14 13:30:00+00:00,26.13967514038086
2024-06-17 13:30:00+00:00,26.388626098632812
2024-06-18 13:30:00+00:00,26.388626098632812
2024-06-20 13:30:00+00:00,26.717592239379883
2024-06-21 13:30:00+00:00,26.637575149536133
2024-06-24 13:30:00+00:00,26.744266510009766
2024-06-25 13:30:00+00:00,26.682029724121094
2024-06-26 13:30:00+00:00,26.833181381225586
2024-06-27 13:30:00+00:00,26.863664627075195
2024-06-28 13:30:00+00:00,26.95332908630371
2024-07-01 13:30:00+00:00,27.392688751220703
2024-07-02 13:30:00+00:00,27.30302619934082
2024-07-03 13:30:00+00:00,27.311986923217773
2024-07-05 13:30:00+00:00,27.276123046875
2024-07-08 13:30:00+00:00,27.14162826538086
2024-07-09 13:30:00+00:00,27.258188247680664
2024-07-10 13:30:00+00:00,27.419588088989258
2024-07-11 13:30:00+00:00,27.04299545288086
2024-07-12 13:30:00+00:00,26.98919677734375
2024-07-15 13:30:00+00:00,27.007131576538086
2024-07-16 13:30:00+00:00,27.16852378845215
2024-07-17 13:30:00+00:00,26.693300247192383
2024-07-18 13:30:00+00:00,26.71123695373535
2024-07-19 13:30:00+00:00,26.603635787963867
2024-07-22 13:30:00+00:00,26.756067276000977
2024-07-23 13:30:00+00:00,26.531906127929688
2024-07-24 13:30:00+00:00,26.209110260009766
2024-07-25 13:30:00+00:00,26.047710418701172
2024-07-26 13:30:00+00:00,26.119443893432617
2024-07-29 13:30:00+00:00,26.038747787475586
2024-07-30 13:30:00+00:00,25.931148529052734
2024-07-31 13:30:00+00:00,25.949079513549805
2024-08-01 13:30:00+00:00,25.48282241821289
2024-08-02 13:30:00+00:00,24.639968872070312
2024-08-05 13:30:00+00:00,24.04817771911621
2024-08-06 13:30:00+00:00,24.110944747924805
2024-08-07 13:30:00+00:00,24.17371368408203
2024-08-08 13:30:00+00:00,24.47857093811035
2024-08-09 13:30:00+00:00,24.496505737304688
2024-08-12 13:30:00+00:00,24.631006240844727
2024-08-13 13:30:00+00:00,24.747568130493164
2024-08-14 13:30:00+00:00,24.7655029296875
2024-08-15 13:30:00+00:00,25.025529861450195
2024-08-16 13:30:00+00:00,25.11519432067871
2024-08-19 13:30:00+00:00,25.195894241333008
2024-08-20 13:30:00+00:00,25.061397552490234
2024-08-21 13:30:00+00:00,25.0434627532959
2024-08-22 13:30:00+00:00,25.07036018371582
2024-08-23 13:30:00+00:00,25.03449821472168
2024-08-26 13:30:00+00:00,25.061397552490234
2024-08-27 13:30:00+00:00,25.00759506225586
2024-08-28 13:30:00+00:00,24.998628616333008
2024-08-29 13:30:00+00:00,25.079328536987305
2024-08-30 13:30:00+00:00,25.151058197021484
2024-09-03 13:30:00+00:00,24.971731185913086
2024-09-04 13:30:00+00:00,24.917930603027344
2024-09-05 13:30:00+00:00,24.944833755493164
2024-09-06 13:30:00+00:00,24.738601684570312
2024-09-09 13:30:00+00:00,24.84619903564453
2024-09-10 13:30:00+00:00,24.935863494873047
2024-09-11 13:30:00+00:00,24.962764739990234
2024-09-12 13:30:00+00:00,25.025529861450195
2024-09-13 13:30:00+00:00,25.097261428833008
2024-09-16 13:30:00+00:00,25.177961349487305
2024-09-17 13:30:00+00:00,25.133127212524414
2024-09-18 13:30:00+00:00,25.016563415527344
2024-09-19 13:30:00+00:00,25.26762580871582
2024-09-20 13:30:00+00:00,25.35729217529297
2024-09-23 13:30:00+00:00,25.35729217529297
2024-09-24 13:30:00+00:00,25.500755310058594
2024-09-25 13:30:00+00:00,25.464887619018555
2024-09-26 13:30:00+00:00,25.58145523071289
2024-09-27 13:30:00+00:00,25.482852935791016
2024-09-30 13:30:00+00:00,25.446664810180664
2024-10-01 13:30:00+00:00,25.473804473876953
2024-10-02 13:30:00+00:00,25.50094223022461
2024-10-03 13:30:00+00:00,25.22051429748535
2024-10-04 13:30:00+00:00,25.130054473876953
2024-10-07 13:30:00+00:00,24.940088272094727
2024-10-08 13:30:00+00:00,24.931039810180664
2024-10-09 13:30:00+00:00,24.931039810180664
2024-10-10 13:30:00+00:00,24.85866928100586
2024-10-11 13:30:00+00:00,24.98531723022461
2024-10-14 13:30:00+00:00,24.99435806274414
2024-10-15 13:30:00+00:00,24.921993255615234
2024-10-16 13:30:00+00:00,25.003408432006836
2024-10-17 13:30:00+00:00,24.894855499267578
2024-10-18 13:30:00+00:00,25.012453079223633
2024-10-21 13:30:00+00:00,24.813440322875977
2024-10-22 13:30:00+00:00,24.804393768310547
2024-10-23 13:30:00+00:00,24.569196701049805
2024-10-24 13:30:00+00:00,24.659656524658203
2024-10-25 13:30:00+00:00,24.614425659179688
2024-10-28 13:30:00+00:00,24.70488739013672
2024-10-29 13:30:00+00:00,24.777254104614258
2024-10-30 13:30:00+00:00,24.59633445739746
2024-10-31 13:30:00+00:00,24.361133575439453
2024-11-01 13:30:00+00:00,24.397319793701172
2024-11-04 14:30:00+00:00,24.306859970092773
2024-11-05 14:30:00+00:00,24.379230499267578
2024-11-06 14:30:00+00:00,24.460643768310547
2024-11-07 14:30:00+00:00,24.69584083557129
2024-11-08 14:30:00+00:00,24.623472213745117
2024-11-11 14:30:00+00:00,24.551103591918945
2024-11-12 14:30:00+00:00,24.514917373657227
2024-11-13 14:30:00+00:00,24.52396583557129
2024-11-14 14:30:00+00:00,24.397319793701172
2024-11-15 14:30:00+00:00,24.379230499267578
2024-11-18 14:30:00+00:00,24.388275146484375
2024-11-19 14:30:00+00:00,24.379230499267578
2024-11-20 14:30:00+00:00,24.478734970092773
2024-11-21 14:30:00+00:00,24.542057037353516
2024-11-22 14:30:00+00:00,24.650609970092773
2024-11-25 14:30:00+00:00,24.542057037353516
2024-11-26 14:30:00+00:00,24.623472213745117
2024-11-27 14:30:00+00:00,24.469688415527344
2024-11-29 14:30:00+00:00,24.614425659179688
2024-12-02 14:30:00+00:00,24.713932037353516
2024-12-03 14:30:00+00:00,24.69584083557129
2024-12-04 14:30:00+00:00,24.777254104614258
2024-12-05 14:30:00+00:00,24.614425659179688
2024-12-06 14:30:00+00:00,24.741071701049805
2024-12-09 14:30:00+00:00,24.750118255615234
2024-12-10 14:30:00+00:00,24.732025146484375
2024-12-11 14:30:00+00:00,24.87676239013672
2024-12-12 14:30:00+00:00,24.76820945739746
2024-12-13 14:30:00+00:00,24.560148239135742
2024-12-16 14:30:00+00:00,24.551103591918945
2024-12-17 14:30:00+00:00,24.560148239135742
2024-12-18 14:30:00+00:00,24.343042373657227
2024-12-19 14:30:00+00:00,24.27971839904785
2024-12-20 14:30:00+00:00,24.297813415527344
2024-12-23 14:30:00+00:00,24.361133575439453
2024-12-24 14:30:00+00:00,24.45159912109375
2024-12-26 14:30:00+00:00,24.388275146484375
2024-12-27 14:30:00+00:00,24.361196517944336
2024-12-30 14:30:00+00:00,24.286497116088867
2024-12-31 14:30:00+00:00,24.426557540893555
2025-01-02 14:30:00+00:00,24.603967666625977
2025-01-03 14:30:00+00:00,24.59463119506836
2025-01-06 14:30:00+00:00,24.51059341430664
2025-01-07 14:30:00+00:00,24.585294723510742
2025-01-08 14:30:00+00:00,24.734689712524414
2025-01-10 14:30:00+00:00,24.996135711669922
2025-01-13 14:30:00+00:00,25.070837020874023
2025-01-14 14:30:00+00:00,24.874752044677734
2025-01-15 14:30:00+00:00,24.902761459350586
2025-01-16 14:30:00+00:00,24.874752044677734
2025-01-17 14:30:00+00:00,24.958784103393555
2025-01-21 14:30:00+00:00,24.697341918945312
2025-01-22 14:30:00+00:00,24.75336456298828
2025-01-23 14:30:00+00:00,24.818727493286133
2025-01-24 14:30:00+00:00,24.631977081298828
2025-01-27 14:30:00+00:00,24.46390724182129
2025-01-28 14:30:00+00:00,24.641319274902344
2025-01-29 14:30:00+00:00,24.62264633178711
2025-01-30 14:30:00+00:00,24.688003540039062
2025-01-31 14:30:00+00:00,24.71601676940918
2025-02-03 14:30:00+00:00,24.76270294189453
2025-02-04 14:30:00+00:00,24.650653839111328
2025-02-05 14:30:00+00:00,24.585294723510742
2025-02-06 14:30:00+00:00,24.62264633178711
2025-02-07 14:30:00+00:00,24.71601676940918
2025-02-10 14:30:00+00:00,24.940113067626953
2025-02-11 14:30:00+00:00,24.949451446533203
2025-02-12 14:30:00+00:00,25.005477905273438
2025-02-13 14:30:00+00:00,24.930776596069336
2025-02-14 14:30:00+00:00,24.678668975830078
2025-02-18 14:30:00+00:00,25.052160263061523
2025-02-19 14:30:00+00:00,24.930776596069336
2025-02-20 14:30:00+00:00,24.790714263916016
2025-02-21 14:30:00+00:00,24.52927017211914
2025-02-24 14:30:00+00:00,24.48257827758789
2025-02-25 14:30:00+00:00,24.23047637939453
2025-02-26 14:30:00+00:00,24.23980712890625
2025-02-27 14:30:00+00:00,24.2117977142334
2025-02-28 14:30:00+00:00,24.146438598632812
2025-03-03 14:30:00+00:00,23.987701416015625
2025-03-04 14:30:00+00:00,23.80095100402832
2025-03-05 14:30:00+00:00,23.772939682006836
2025-03-06 14:30:00+00:00,23.65155792236328
2025-03-07 14:30:00+00:00,23.688907623291016
2025-03-10 13:30:00+00:00,23.240713119506836
2025-03-11 13:30:00+00:00,23.231372833251953
2025-03-12 13:30:00+00:00,23.427461624145508
2025-03-13 13:30:00+00:00,23.446136474609375
2025-03-14 13:30:00+00:00,23.67023277282715
2025-03-17 13:30:00+00:00,23.76360321044922
2025-03-18 13:30:00+00:00,23.82896614074707
2025-03-19 13:30:00+00:00,23.838302612304688
2025-03-20 13:30:00+00:00,23.772939682006836
2025-03-21 13:30:00+00:00,23.76360321044922
2025-03-24 13:30:00+00:00,23.791616439819336
2025-03-25 13:30:00+00:00,23.82896614074707
2025-03-26 13:30:00+00:00,23.838302612304688
2025-03-27 13:30:00+00:00,23.91259002685547
2025-03-28 13:30:00+00:00,23.818557739257812
2025-03-31 13:30:00+00:00,23.75273323059082
2025-04-01 13:30:00+00:00,23.79975128173828
2025-04-02 13:30:00+00:00,23.73392677307129
2025-04-03 13:30:00+00:00,23.50824737548828
2025-04-04 13:30:00+00:00,23.22614860534668
2025-04-07 13:30:00+00:00,23.17913055419922
2025-04-08 13:30:00+00:00,23.14151954650879
2025-04-09 13:30:00+00:00,23.602279663085938
2025-04-10 13:30:00+00:00,23.470632553100586
2025-04-11 13:30:00+00:00,23.55526351928711
2025-04-14 13:30:00+00:00,23.451826095581055
2025-04-15 13:30:00+00:00,23.564666748046875
2025-04-16 13:30:00+00:00,23.6492977142334
2025-04-17 13:30:00+00:00,23.630491256713867
2025-04-21 13:30:00+00:00,23.61168670654297
2025-04-22 13:30:00+00:00,23.77153968811035
2025-04-23 13:30:00+00:00,23.743330001831055
2025-04-24 13:30:00+00:00,23.818557739257812
2025-04-25 13:30:00+00:00,23.931394577026367
2025-04-28 13:30:00+00:00,23.80915069580078
2025-04-29 13:30:00+00:00,23.743330001831055
2025-04-30 13:30:00+00:00,23.75273323059082
2025-05-01 13:30:00+00:00,23.592880249023438
2025-05-02 13:30:00+00:00,23.564666748046875
2025-05-05 13:30:00+00:00,23.6210880279541
2025-05-06 13:30:00+00:00,23.865571975708008
2025-05-07 13:30:00+00:00,23.780942916870117
2025-05-08 13:30:00+00:00,23.696313858032227
2025-05-09 13:30:00+00:00,23.79975128173828
2025-05-12 13:30:00+00:00,23.677505493164062
2025-05-13 13:30:00+00:00,23.696313858032227
2025-05-14 13:30:00+00:00,23.630491256713867
2025-05-15 13:30:00+00:00,23.724523544311523
2025-05-16 13:30:00+00:00,23.686912536621094
2025-05-19 13:30:00+00:00,23.715118408203125
2025-05-20 13:30:00+00:00,23.76213836669922
2025-05-21 13:30:00+00:00,23.73392677307129
2025-05-22 13:30:00+00:00,23.686912536621094
2025-05-23 13:30:00+00:00,23.818557739257812
2025-05-27 13:30:00+00:00,23.75273323059082
2025-05-28 13:30:00+00:00,23.715118408203125
2025-05-29 13:30:00+00:00,23.75273323059082
2025-05-30 13:30:00+00:00,23.715118408203125
2025-06-02 13:30:00+00:00,23.856172561645508
2025-06-03 13:30:00+00:00,23.79034423828125
2025-06-04 13:30:00+00:00,23.91259002685547
2025-06-05 13:30:00+00:00,23.865571975708008
2025-06-06 13:30:00+00:00,23.79975128173828
2025-06-09 13:30:00+00:00,23.80915069580078
2025-06-10 13:30:00+00:00,23.818557739257812
2025-06-11 13:30:00+00:00,23.959606170654297
2025-06-12 13:30:00+00:00,24.08184814453125
2025-06-13 13:30:00+00:00,24.157075881958008
2025-06-16 13:30:00+00:00,24.10065269470215
2025-06-17 13:30:00+00:00,24.11945915222168
2025-06-18 13:30:00+00:00,24.11945915222168
2025-06-20 13:30:00+00:00,24.138269424438477
2025-06-23 13:30:00+00:00,24.11945915222168
2025-06-24 13:30:00+00:00,24.204092025756836
2025-06-25 13:30:00+00:00,24.222898483276367
2025-06-26 13:30:00+00:00,24.34514045715332
2025-06-27 13:30:00+00:00,24.32715606689453
2025-06-30 13:30:00+00:00,24.355552673339844
2025-07-01 13:30:00+00:00,24.37448501586914
2025-07-02 13:30:00+00:00,24.440746307373047
2025-07-03 13:30:00+00:00,24.393417358398438
2025-07-07 13:30:00+00:00,24.317689895629883
2025-07-08 13:30:00+00:00,24.336620330810547
2025-07-09 13:30:00+00:00,24.38395118713379
2025-07-10 13:30:00+00:00,24.346086502075195
2025-07-11 13:30:00+00:00,24.37448501586914
2025-07-14 13:30:00+00:00,24.336620330810547
2025-07-15 13:30:00+00:00,24.232498168945312
2025-07-16 13:30:00+00:00,24.336620330810547
2025-07-17 13:30:00+00:00,24.336620330810547
2025-07-18 13:30:00+00:00,24.402883529663086
2025-07-21 13:30:00+00:00,24.497541427612305
2025-07-22 13:30:00+00:00,24.55433464050293
2025-07-23 13:30:00+00:00,24.611129760742188
2025-07-24 13:30:00+00:00,24.56380271911621
2025-07-25 13:30:00+00:00,24.54486846923828
2025-07-28 13:30:00+00:00,24.440746307373047
2025-07-29 13:30:00+00:00,24.42181396484375
2025-07-30 13:30:00+00:00,24.260892868041992
2025-07-31 13:30:00+00:00,24.24196434020996
2025-08-01 13:30:00+00:00,24.071578979492188
2025-08-04 13:30:00+00:00,24.25143051147461
2025-08-05 13:30:00+00:00,24.24196434020996
2025-08-06 13:30:00+00:00,24.270360946655273
2025-08-07 13:30:00+00:00,24.37448501586914
2025-08-08 13:30:00+00:00,24.37448501586914
2025-08-11 13:30:00+00:00,24.346086502075195
2025-08-12 13:30:00+00:00,24.535404205322266
2025-08-13 13:30:00+00:00,24.667922973632812
2025-08-14 13:30:00+00:00,24.582733154296875
2025-08-15 13:30:00+00:00,24.535404205322266
2025-08-18 13:30:00+00:00,24.573265075683594
2025-08-19 13:30:00+00:00,24.440746307373047
2025-08-20 13:30:00+00:00,24.4123477935791
2025-08-21 13:30:00+00:00,24.4123477935791
2025-08-22 13:30:00+00:00,24.762582778930664
2025-08-25 13:30:00+00:00,24.64899253845215
2025-08-26 13:30:00+00:00,24.62059783935547
2025-08-27 13:30:00+00:00,24.611129760742188
2025-08-28 13:30:00+00:00,24.69632339477539
2025-08-29 13:30:00+00:00,24.56380271911621
2025-09-02 13:30:00+00:00,24.630064010620117
2025-09-03 13:30:00+00:00,24.724720001220703
2025-09-04 13:30:00+00:00,24.87617301940918
2025-09-05 13:30:00+00:00,24.961368560791016
2025-09-08 13:30:00+00:00,25.169614791870117
2025-09-09 13:30:00+00:00,25.19801139831543
2025-09-10 13:30:00+00:00,25.32106590270996
2025-09-11 13:30:00+00:00,25.51038360595703
2025-09-12 13:30:00+00:00,25.500919342041016
2025-09-15 13:30:00+00:00,25.709165573120117
2025-09-16 13:30:00+00:00,25.661836624145508
2025-09-17 13:30:00+00:00,25.623973846435547
2025-09-18 13:30:00+00:00,25.69969940185547
2025-09-19 13:30:00+00:00,25.709165573120117
2025-09-22 13:30:00+00:00,25.813289642333984
2025-09-23 13:30:00+00:00,25.841686248779297
2025-09-24 13:30:00+00:00,25.803821563720703
2025-09-25 13:30:00+00:00,25.794357299804688
2025-09-26 13:30:00+00:00,25.851152420043945
2025-09-29 13:30:00+00:00,25.956769943237305
2025-09-30 13:30:00+00:00,25.985313415527344
2025-10-01 13:30:00+00:00,26.080463409423828
2025-10-02 13:30:00+00:00,26.11852264404297
2025-10-03 13:30:00+00:00,26.223188400268555
2025-10-06 13:30:00+00:00,26.736995697021484
2025-10-07 13:30:00+00:00,26.794082641601562
2025-10-08 13:30:00+00:00,27.136621475219727
2025-10-09 13:30:00+00:00,26.822629928588867
2025-10-10 13:30:00+00:00,25.86161994934082
2025-10-13 13:30:00+00:00,26.613298416137695
2025-10-14 13:30:00+00:00,26.65135955810547
2025-10-15 13:30:00+00:00,26.832143783569336
2025-10-16 13:30:00+00:00,27.0034122467041
2025-10-17 13:30:00+00:00,26.851171493530273
2025-10-20 13:30:00+00:00,27.307891845703125
2025-10-21 13:30:00+00:00,27.050987243652344
2025-10-22 13:30:00+00:00,26.974868774414062
2025-10-23 13:30:00+00:00,27.0034122467041
2025-10-24 13:30:00+00:00,27.117591857910156
2025-10-27 13:30:00+00:00,27.18419647216797
2025-10-28 13:30:00+00:00,27.098562240600586
2025-10-29 13:30:00+00:00,27.0034122467041
2025-10-30 13:30:00+00:00,27.031957626342773
2025-10-31 13:30:00+00:00,26.993900299072266
2025-11-03 14:30:00+00:00,27.041471481323242
2025-11-04 14:30:00+00:00,26.67990493774414
2025-11-05 14:30:00+00:00,26.822629928588867
2025-11-06 14:30:00+00:00,26.70844841003418
2025-11-07 14:30:00+00:00,26.784568786621094
2025-11-10 14:30:00+00:00,27.089046478271484
2025-11-11 14:30:00+00:00,27.260316848754883
2025-11-12 14:30:00+00:00,27.50770378112793
2025-11-13 14:30:00+00:00,27.21274185180664
2025-11-14 14:30:00+00:00,27.031957626342773
2025-11-17 14:30:00+00:00,26.974868774414062
2025-11-18 14:30:00+00:00,26.955839157104492
2025-11-19 14:30:00+00:00,27.117591857910156
2025-11-20 14:30:00+00:00,27.127107620239258
2025-11-21 14:30:00+00:00,27.089046478271484
2025-11-24 14:30:00+00:00,27.307891845703125
2025-11-25 14:30:00+00:00,27.374494552612305
2025-11-26 14:30:00+00:00,27.526735305786133
2025-11-28 14:30:00+00:00,27.50770378112793
2025-12-01 14:30:00+00:00,27.279346466064453
2025-12-02 14:30:00+00:00,27.3554630279541
2025-12-03 14:30:00+00:00,27.374494552612305
2025-12-04 14:30:00+00:00,27.26983070373535
2025-12-05 14:30:00+00:00,27.288860321044922
2025-12-08 14:30:00+00:00,27.26983070373535
2025-12-09 14:30:00+00:00,27.43158531188965
2025-12-10 14:30:00+00:00,27.536251068115234
2025-12-11 14:30:00+00:00,27.621883392333984
2025-12-12 14:30:00+00:00,27.564794540405273
2025-12-15 14:30:00+00:00,27.526735305786133
2025-12-16 14:30:00+00:00,27.44110107421875
2025-12-17 14:30:00+00:00,27.49818992614746
2025-12-18 14:30:00+00:00,27.536251068115234
2025-12-19 14:30:00+00:00,27.878786087036133
2025-12-22 14:30:00+00:00,27.98345184326172
2025-12-23 14:30:00+00:00,28.04054069519043
2025-12-24 14:30:00+00:00,28.01199722290039
2025-12-26 14:30:00+00:00,28.192781448364258
2025-12-29 14:30:00+00:00,27.859758377075195
2025-12-30 14:30:00+00:00,27.88750457763672
2025-12-31 14:30:00+00:00,27.808223724365234
2026-01-02 14:30:00+00:00,27.897417068481445
2026-01-05 14:30:00+00:00,28.105531692504883
2026-01-06 14:30:00+00:00,28.184814453125
2026-01-07 14:30:00+00:00,28.075801849365234
2026-01-08 14:30:00+00:00,28.0262508392334
2026-01-09 14:30:00+00:00,28.24427604675293
2026-01-12 14:30:00+00:00,28.591135025024414
2026-01-13 14:30:00+00:00,28.55149269104004
2026-01-14 14:30:00+00:00,28.650596618652344
2026-01-15 14:30:00+00:00,28.60104751586914
2026-01-16 14:30:00+00:00,28.452390670776367
2026-01-20 14:30:00+00:00,28.501943588256836
2026-01-21 14:30:00+00:00,28.928085327148438
2026-01-22 14:30:00+00:00,29.225393295288086
2026-01-23 14:30:00+00:00,29.096559524536133
2026-01-26 14:30:00+00:00,29.03709602355957
2026-01-27 14:30:00+00:00,29.60198402404785
2026-01-28 14:30:00+00:00,29.800188064575195
2026-01-29 14:30:00+00:00,29.919113159179688
2026-01-30 14:30:00+00:00,28.928085327148438
2026-02-02 14:30:00+00:00,28.809160232543945
2026-02-03 14:30:00+00:00,29.33440589904785
2026-02-04 14:30:00+00:00,29.41368865966797
2026-02-05 14:30:00+00:00,28.93799591064453
2026-02-06 14:30:00+00:00,29.889381408691406
2026-02-09 14:30:00+00:00,30.34525489807129
2026-02-10 14:30:00+00:00,30.246150970458984
2026-02-11 14:30:00+00:00,30.35516357421875
2026-02-12 14:30:00+00:00,29.889381408691406
2026-02-13 14:30:00+00:00,30.107404708862305
2026-02-17 14:30:00+00:00,29.909202575683594
2026-02-18 14:30:00+00:00,30.275880813598633
2026-02-19 14:30:00+00:00,30.335344314575195
2026-02-20 14:30:00+00:00,30.69211196899414
2026-02-23 14:30:00+00:00,30.672292709350586
2026-02-24 14:30:00+00:00,30.830856323242188
2026-02-25 14:30:00+00:00,31.038972854614258
2026-02-26 14:30:00+00:00,30.959692001342773
2026-02-27 14:30:00+00:00,31.187625885009766
2026-03-02 14:30:00+00:00,31.00924301147461
2026-03-03 14:30:00+00:00,30.04794692993164
2026-03-04 14:30:00+00:00,30.335344314575195
2026-03-05 14:30:00+00:00,29.978572845458984
2026-03-06 14:30:00+00:00,30.53354835510254
2026-03-09 13:30:00+00:00,30.5930118560791
2026-03-10 13:30:00+00:00,30.6524715423584
2026-03-11 13:30:00+00:00,30.612831115722656
2026-03-12 13:30:00+00:00,30.62274169921875
2026-03-13 13:30:00+00:00,30.3848934173584
2026-03-16 13:30:00+00:00,30.543458938598633
2026-03-17 13:30:00+00:00,30.791215896606445
2026-03-18 13:30:00+00:00,30.53354835510254
2026-03-19 13:30:00+00:00,29.968664169311523
2026-03-20 13:30:00+00:00,29.54252052307129
2026-03-23 13:30:00+00:00,29.284854888916016
2026-03-24 13:30:00+00:00,29.443418502807617
2026-03-25 13:30:00+00:00,29.641624450683594
2026-03-26 13:30:00+00:00,29.592073440551758
2026-03-27 13:30:00+00:00,29.958751678466797
2026-03-30 13:30:00+00:00,30.0572509765625
2026-03-31 13:30:00+00:00,29.997554779052734
2026-04-01 13:30:00+00:00,30.0572509765625
2026-04-02 13:30:00+00:00,30.15674591064453
2026-04-06 13:30:00+00:00,30.286088943481445
2026-04-07 13:30:00+00:00,30.276140213012695
2026-04-08 13:30:00+00:00,30.02740478515625
2026-04-09 13:30:00+00:00,30.1169490814209
2026-04-10 13:30:00+00:00,30.176645278930664
2026-04-13 13:30:00+00:00,30.286088943481445
2026-04-14 13:30:00+00:00,30.14679718017578
2026-04-15 13:30:00+00:00,30.10700035095215
2026-04-16 13:30:00+00:00,30.266189575195312
2026-04-17 13:30:00+00:00,29.818464279174805
2026-04-20 13:30:00+00:00,30.017454147338867
2026-04-21 13:30:00+00:00,30.176645278930664
2026-04-22 13:30:00+00:00,30.256240844726562
2026-04-23 13:30:00+00:00,30.315937042236328
2026-04-24 13:30:00+00:00,30.355735778808594
2026-04-27 13:30:00+00:00,30.465179443359375
2026-04-28 13:30:00+00:00,30.564672470092773
2026-04-29 13:30:00+00:00,30.9626522064209
2026-04-30 13:30:00+00:00,30.405481338500977
2026-05-01 13:30:00+00:00,30.375635147094727
2026-05-04 13:30:00+00:00,30.544775009155273
2026-05-05 13:30:00+00:00,30.584571838378906
2026-05-06 13:30:00+00:00,30.296039581298828
2026-05-07 13:30:00+00:00,30.395532608032227
2026-05-08 13:30:00+00:00,30.534826278686523
2026-05-11 13:30:00+00:00,30.863157272338867
2026-05-12 13:30:00+00:00,30.863157272338867
2026-05-13 13:30:00+00:00,30.9626522064209
2026-05-14 13:30:00+00:00,31.08204460144043
2026-05-15 13:30:00+00:00,31.072093963623047
2026-05-18 13:30:00+00:00,31.151689529418945
2026-05-19 13:30:00+00:00,31.161640167236328
2026-05-20 13:30:00+00:00,30.952701568603516
2026-05-21 13:30:00+00:00,30.952701568603516
2026-05-22 13:30:00+00:00,30.932802200317383
2026-05-26 13:30:00+00:00,31.01239776611328
2026-05-27 13:30:00+00:00,30.853206634521484
2026-05-28 13:30:00+00:00,30.883056640625
2026-05-29 13:30:00+00:00,30.843257904052734
2026-06-01 13:30:00+00:00,31.131792068481445
2026-06-02 13:30:00+00:00,31.251184463500977
2026-06-03 13:30:00+00:00,31.26113510131836
2026-06-04 13:30:00+00:00,31.131792068481445
2026-06-05 13:30:00+00:00,30.504976272583008
2026-06-08 13:30:00+00:00,30.713916778564453
2026-06-09 13:30:00+00:00,30.624370574951172
2026-06-10 13:30:00+00:00,30.644268035888672
2026-06-11 13:30:00+00:00,30.584571838378906
2026-06-12 13:30:00+00:00,30.664167404174805
2026-06-15 13:30:00+00:00,30.72386360168457
2026-06-16 13:30:00+00:00,30.475128173828125
2026-06-17 13:30:00+00:00,30.51492691040039
2026-06-18 13:30:00+00:00,30.763662338256836
2026-06-22 13:30:00+00:00,30.80345916748047
2026-06-23 13:30:00+00:00,30.41543197631836
2026-06-24 13:30:00+00:00,30.286088943481445
2026-06-25 13:30:00+00:00,30.365684509277344
2026-06-26 13:30:00+00:00,30.10700035095215
2026-06-29 13:30:00+00:00,30.3700008392334
2026-06-30 13:30:00+00:00,30.610000610351562
2026-07-01 13:30:00+00:00,30.520000457763672
2026-07-02 13:30:00+00:00,30.329999923706055
2026-07-06 13:30:00+00:00,30.649999618530273
2026-07-07 13:30:00+00:00,30.68000030517578
2026-07-08 13:30:00+00:00,30.799999237060547
2026-07-09 13:30:00+00:00,30.760000228881836
2026-07-10 13:30:00+00:00,30.799999237060547
2026-07-13 13:30:00+00:00,30.989999771118164
2026-07-14 13:30:00+00:00,31.020000457763672
2026-07-15 13:30:00+00:00,30.989999771118164
2026-07-16 13:30:00+00:00,30.8799991607666
2026-07-17 13:30:00+00:00,30.8700008392334
2026-07-20 13:30:00+00:00,30.940000534057617
2026-07-21 13:30:00+00:00,31.31999969482422
2026-07-22 13:30:00+00:00,31.389999389648438
2026-07-23 13:30:00+00:00,31.489999771118164
2026-07-24 13:30:00+00:00,31.40999984741211
2026-07-27 13:30:00+00:00,31.270000457763672
2026-07-28 13:30:00+00:00,31.040000915527344
2026-07-29 13:30:00+00:00,31.030000686645508
2026-07-30 13:30:00+00:00,30.84000015258789
2026-07-31 13:30:00+00:00,30.920000076293945
2026-08-03 13:30:00+00:00,30.6299991607666
2026-08-04 13:30:00+00:00,30.690000534057617
2026-08-05 13:30:00+00:00,30.700000762939453
2026-08-06 13:30:00+00:00,30.940000534057617
2026-08-07 13:30:00+00:00,30.93000030517578
2026-08-10 13:30:00+00:00,31.31999969482422
2026-08-11 13:30:00+00:00,31.329999923706055
2026-08-12 13:30:00+00:00,31.43000030517578
2026-08-13 13:30:00+00:00,31.31999969482422
2026-08-14 13:30:00+00:00,31.350000381469727
2026-08-17 13:30:00+00:00,31.540000915527344
2026-08-18 13:30:00+00:00,31.270000457763672
2026-08-19 13:30:00+00:00,30.940000534057617
2026-08-20 13:30:00+00:00,31.15999984741211
2026-08-21 13:30:00+00:00,31.3700008392334
2026-08-24 13:30:00+00:00,31.25
2026-08-25 13:30:00+00:00,31.010000228881836
2026-08-26 13:30:00+00:00,31.079999923706055
2026-08-27 13:30:00+00:00,31.219999313354492
2026-08-28 13:30:00+00:00,31.40999984741211
2026-08-31 13:30:00+00:00,31.3799991607666
2026-09-01 13:30:00+00:00,31.59000015258789
2026-09-02 13:30:00+00:00,31.5
2026-09-03 13:30:00+00:00,31.40999984741211
2026-09-04 13:30:00+00:00,31.440000534057617
2026-09-08 13:30:00+00:00,31.15999984741211
2026-09-09 13:30:00+00:00,31.329999923706055
2026-09-10 13:30:00+00:00,31.920000076293945
2026-09-11 13:30:00+00:00,31.989999771118164
